"Date","Source","Site ID","POC","Daily Mean PM2.5 Concentration","Units","Daily AQI Value","Local Site Name","Daily Obs Count","Percent Complete","AQS Parameter Code","AQS Parameter Description","Method Code","Method Description","CBSA Code","CBSA Name","State FIPS Code","State","County FIPS Code","County","Site Latitude","Site Longitude"
"01/01/2023","AQS","010491003","3","8.6","ug/m3 LC","48","CROSSVILLE","1","100.0000","88101","PM2.5 - Local Conditions","209","Met One BAM-1022 Mass Monitor w/ VSCC or TE-PM2.5C","22840","Fort Payne, AL","01","Alabama","049","DeKalb","34.2885670008786","-85.969858"
"01/02/2023","AQS","010491003","3","9.7","ug/m3 LC","52","CROSSVILLE","1","100.0000","88101","PM2.5 - Local Conditions","209","Met One BAM-1022 Mass Monitor w/ VSCC or TE-PM2.5C","22840","Fort Payne, AL","01","Alabama","049","DeKalb","34.2885670008786","-85.969858"
"01/03/2023","AQS","010491003","3","5.6","ug/m3 LC","31","CROSSVILLE","1","100.0000","88101","PM2.5 - Local Conditions","209","Met One BAM-1022 Mass Monitor w/ VSCC or TE-PM2.5C","22840","Fort Payne, AL","01","Alabama","049","DeKalb","34.2885670008786","-85.969858"
"01/04/2023","AQS","010491003","3","4.3","ug/m3 LC","24","CROSSVILLE","1","100.0000","88101","PM2.5 - Local Conditions","209","Met One BAM-1022 Mass Monitor w/ VSCC or TE-PM2.5C","22840","Fort Payne, AL","01","Alabama","049","DeKalb","34.2885670008786","-85.969858"
"01/05/2023","AQS","010491003","3","3.7","ug/m3 LC","21","CROSSVILLE","1","100.0000","88101","PM2.5 - Local Conditions","209","Met One BAM-1022 Mass Monitor w/ VSCC or TE-PM2.5C","22840","Fort Payne, AL","01","Alabama","049","DeKalb","34.2885670008786","-85.969858"
"01/06/2023","AQS","010491003","3","4.8","ug/m3 LC","27","CROSSVILLE","1","100.0000","88101","PM2.5 - Local Conditions","209","Met One BAM-1022 Mass Monitor w/ VSCC or TE-PM2.5C","22840","Fort Payne, AL","01","Alabama","049","DeKalb","34.2885670008786","-85.969858"
"01/07/2023","AQS","010491003","3","8.3","ug/m3 LC","46","CROSSVILLE","1","100.0000","88101","PM2.5 - Local Conditions","209","Met One BAM-1022 Mass Monitor w/ VSCC or TE-PM2.5C","22840","Fort Payne, AL","01","Alabama","049","DeKalb","34.2885670008786","-85.969858"
"01/08/2023","AQS","010491003","3","10.2","ug/m3 LC","53","CROSSVILLE","1","100.0000","88101","PM2.5 - Local Conditions","209","Met One BAM-1022 Mass Monitor w/ VSCC or TE-PM2.5C","22840","Fort Payne, AL","01","Alabama","049","DeKalb","34.2885670008786","-85.969858"
"01/09/2023","AQS","010491003","3","11.1","ug/m3 LC","55","CROSSVILLE","1","100.0000","88101","PM2.5 - Local Conditions","209","Met One BAM-1022 Mass Monitor w/ VSCC or TE-PM2.5C","22840","Fort Payne, AL","01","Alabama","049","DeKalb","34.2885670008786","-85.969858"
"01/10/2023","AQS","010491003","3","9.7","ug/m3 LC","52","CROSSVILLE","1","100.0000","88101","PM2.5 - Local Conditions","209","Met One BAM-1022 Mass Monitor w/ VSCC or TE-PM2.5C","22840","Fort Payne, AL","01","Alabama","049","DeKalb","34.2885670008786","-85.969858"
"01/11/2023","AQS","010491003","3","10","ug/m3 LC","53","CROSSVILLE","1","100.0000","88101","PM2.5 - Local Conditions","209","Met One BAM-1022 Mass Monitor w/ VSCC or TE-PM2.5C","22840","Fort Payne, AL","01","Alabama","049","DeKalb","34.2885670008786","-85.969858"
"01/12/2023","AQS","010491003","3","5.3","ug/m3 LC","29","CROSSVILLE","1","100.0000","88101","PM2.5 - Local Conditions","209","Met One BAM-1022 Mass Monitor w/ VSCC or TE-PM2.5C","22840","Fort Payne, AL","01","Alabama","049","DeKalb","34.2885670008786","-85.969858"
"01/13/2023","AQS","010491003","3","5.4","ug/m3 LC","30","CROSSVILLE","1","100.0000","88101","PM2.5 - Local Conditions","209","Met One BAM-1022 Mass Monitor w/ VSCC or TE-PM2.5C","22840","Fort Payne, AL","01","Alabama","049","DeKalb","34.2885670008786","-85.969858"
"01/14/2023","AQS","010491003","3","4.8","ug/m3 LC","27","CROSSVILLE","1","100.0000","88101","PM2.5 - Local Conditions","209","Met One BAM-1022 Mass Monitor w/ VSCC or TE-PM2.5C","22840","Fort Payne, AL","01","Alabama","049","DeKalb","34.2885670008786","-85.969858"
"01/15/2023","AQS","010491003","3","6.3","ug/m3 LC","35","CROSSVILLE","1","100.0000","88101","PM2.5 - Local Conditions","209","Met One BAM-1022 Mass Monitor w/ VSCC or TE-PM2.5C","22840","Fort Payne, AL","01","Alabama","049","DeKalb","34.2885670008786","-85.969858"
"01/16/2023","AQS","010491003","3","7.8","ug/m3 LC","43","CROSSVILLE","1","100.0000","88101","PM2.5 - Local Conditions","209","Met One BAM-1022 Mass Monitor w/ VSCC or TE-PM2.5C","22840","Fort Payne, AL","01","Alabama","049","DeKalb","34.2885670008786","-85.969858"
"01/17/2023","AQS","010491003","3","7.4","ug/m3 LC","41","CROSSVILLE","1","100.0000","88101","PM2.5 - Local Conditions","209","Met One BAM-1022 Mass Monitor w/ VSCC or TE-PM2.5C","22840","Fort Payne, AL","01","Alabama","049","DeKalb","34.2885670008786","-85.969858"
"01/18/2023","AQS","010491003","3","7.5","ug/m3 LC","42","CROSSVILLE","1","100.0000","88101","PM2.5 - Local Conditions","209","Met One BAM-1022 Mass Monitor w/ VSCC or TE-PM2.5C","22840","Fort Payne, AL","01","Alabama","049","DeKalb","34.2885670008786","-85.969858"
"01/19/2023","AQS","010491003","3","6.8","ug/m3 LC","38","CROSSVILLE","1","100.0000","88101","PM2.5 - Local Conditions","209","Met One BAM-1022 Mass Monitor w/ VSCC or TE-PM2.5C","22840","Fort Payne, AL","01","Alabama","049","DeKalb","34.2885670008786","-85.969858"
"01/20/2023","AQS","010491003","3","5.2","ug/m3 LC","29","CROSSVILLE","1","100.0000","88101","PM2.5 - Local Conditions","209","Met One BAM-1022 Mass Monitor w/ VSCC or TE-PM2.5C","22840","Fort Payne, AL","01","Alabama","049","DeKalb","34.2885670008786","-85.969858"
"01/21/2023","AQS","010491003","3","7.9","ug/m3 LC","44","CROSSVILLE","1","100.0000","88101","PM2.5 - Local Conditions","209","Met One BAM-1022 Mass Monitor w/ VSCC or TE-PM2.5C","22840","Fort Payne, AL","01","Alabama","049","DeKalb","34.2885670008786","-85.969858"
"01/22/2023","AQS","010491003","3","4.9","ug/m3 LC","27","CROSSVILLE","1","100.0000","88101","PM2.5 - Local Conditions","209","Met One BAM-1022 Mass Monitor w/ VSCC or TE-PM2.5C","22840","Fort Payne, AL","01","Alabama","049","DeKalb","34.2885670008786","-85.969858"
"01/23/2023","AQS","010491003","3","6.4","ug/m3 LC","36","CROSSVILLE","1","100.0000","88101","PM2.5 - Local Conditions","209","Met One BAM-1022 Mass Monitor w/ VSCC or TE-PM2.5C","22840","Fort Payne, AL","01","Alabama","049","DeKalb","34.2885670008786","-85.969858"
"01/24/2023","AQS","010491003","3","7.6","ug/m3 LC","42","CROSSVILLE","1","100.0000","88101","PM2.5 - Local Conditions","209","Met One BAM-1022 Mass Monitor w/ VSCC or TE-PM2.5C","22840","Fort Payne, AL","01","Alabama","049","DeKalb","34.2885670008786","-85.969858"
"01/25/2023","AQS","010491003","3","5.3","ug/m3 LC","29","CROSSVILLE","1","100.0000","88101","PM2.5 - Local Conditions","209","Met One BAM-1022 Mass Monitor w/ VSCC or TE-PM2.5C","22840","Fort Payne, AL","01","Alabama","049","DeKalb","34.2885670008786","-85.969858"
"01/26/2023","AQS","010491003","3","8","ug/m3 LC","44","CROSSVILLE","1","100.0000","88101","PM2.5 - Local Conditions","209","Met One BAM-1022 Mass Monitor w/ VSCC or TE-PM2.5C","22840","Fort Payne, AL","01","Alabama","049","DeKalb","34.2885670008786","-85.969858"
"01/27/2023","AQS","010491003","3","6.4","ug/m3 LC","36","CROSSVILLE","1","100.0000","88101","PM2.5 - Local Conditions","209","Met One BAM-1022 Mass Monitor w/ VSCC or TE-PM2.5C","22840","Fort Payne, AL","01","Alabama","049","DeKalb","34.2885670008786","-85.969858"
"01/28/2023","AQS","010491003","3","8.7","ug/m3 LC","48","CROSSVILLE","1","100.0000","88101","PM2.5 - Local Conditions","209","Met One BAM-1022 Mass Monitor w/ VSCC or TE-PM2.5C","22840","Fort Payne, AL","01","Alabama","049","DeKalb","34.2885670008786","-85.969858"
"01/29/2023","AQS","010491003","3","11.6","ug/m3 LC","56","CROSSVILLE","1","100.0000","88101","PM2.5 - Local Conditions","209","Met One BAM-1022 Mass Monitor w/ VSCC or TE-PM2.5C","22840","Fort Payne, AL","01","Alabama","049","DeKalb","34.2885670008786","-85.969858"
"01/30/2023","AQS","010491003","3","7.6","ug/m3 LC","42","CROSSVILLE","1","100.0000","88101","PM2.5 - Local Conditions","209","Met One BAM-1022 Mass Monitor w/ VSCC or TE-PM2.5C","22840","Fort Payne, AL","01","Alabama","049","DeKalb","34.2885670008786","-85.969858"
"01/31/2023","AQS","010491003","3","5.8","ug/m3 LC","32","CROSSVILLE","1","100.0000","88101","PM2.5 - Local Conditions","209","Met One BAM-1022 Mass Monitor w/ VSCC or TE-PM2.5C","22840","Fort Payne, AL","01","Alabama","049","DeKalb","34.2885670008786","-85.969858"
"02/01/2023","AQS","010491003","3","5","ug/m3 LC","28","CROSSVILLE","1","100.0000","88101","PM2.5 - Local Conditions","209","Met One BAM-1022 Mass Monitor w/ VSCC or TE-PM2.5C","22840","Fort Payne, AL","01","Alabama","049","DeKalb","34.2885670008786","-85.969858"
"02/02/2023","AQS","010491003","3","3.9","ug/m3 LC","22","CROSSVILLE","1","100.0000","88101","PM2.5 - Local Conditions","209","Met One BAM-1022 Mass Monitor w/ VSCC or TE-PM2.5C","22840","Fort Payne, AL","01","Alabama","049","DeKalb","34.2885670008786","-85.969858"
"02/03/2023","AQS","010491003","3","8.6","ug/m3 LC","48","CROSSVILLE","1","100.0000","88101","PM2.5 - Local Conditions","209","Met One BAM-1022 Mass Monitor w/ VSCC or TE-PM2.5C","22840","Fort Payne, AL","01","Alabama","049","DeKalb","34.2885670008786","-85.969858"
"02/04/2023","AQS","010491003","3","8.8","ug/m3 LC","49","CROSSVILLE","1","100.0000","88101","PM2.5 - Local Conditions","209","Met One BAM-1022 Mass Monitor w/ VSCC or TE-PM2.5C","22840","Fort Payne, AL","01","Alabama","049","DeKalb","34.2885670008786","-85.969858"
"02/05/2023","AQS","010491003","3","9.1","ug/m3 LC","51","CROSSVILLE","1","100.0000","88101","PM2.5 - Local Conditions","209","Met One BAM-1022 Mass Monitor w/ VSCC or TE-PM2.5C","22840","Fort Payne, AL","01","Alabama","049","DeKalb","34.2885670008786","-85.969858"
"02/06/2023","AQS","010491003","3","8.7","ug/m3 LC","48","CROSSVILLE","1","100.0000","88101","PM2.5 - Local Conditions","209","Met One BAM-1022 Mass Monitor w/ VSCC or TE-PM2.5C","22840","Fort Payne, AL","01","Alabama","049","DeKalb","34.2885670008786","-85.969858"
"02/07/2023","AQS","010491003","3","11.9","ug/m3 LC","56","CROSSVILLE","1","100.0000","88101","PM2.5 - Local Conditions","209","Met One BAM-1022 Mass Monitor w/ VSCC or TE-PM2.5C","22840","Fort Payne, AL","01","Alabama","049","DeKalb","34.2885670008786","-85.969858"
"02/08/2023","AQS","010491003","3","17.8","ug/m3 LC","67","CROSSVILLE","1","100.0000","88101","PM2.5 - Local Conditions","209","Met One BAM-1022 Mass Monitor w/ VSCC or TE-PM2.5C","22840","Fort Payne, AL","01","Alabama","049","DeKalb","34.2885670008786","-85.969858"
"02/09/2023","AQS","010491003","3","8.3","ug/m3 LC","46","CROSSVILLE","1","100.0000","88101","PM2.5 - Local Conditions","209","Met One BAM-1022 Mass Monitor w/ VSCC or TE-PM2.5C","22840","Fort Payne, AL","01","Alabama","049","DeKalb","34.2885670008786","-85.969858"
"02/10/2023","AQS","010491003","3","5.1","ug/m3 LC","28","CROSSVILLE","1","100.0000","88101","PM2.5 - Local Conditions","209","Met One BAM-1022 Mass Monitor w/ VSCC or TE-PM2.5C","22840","Fort Payne, AL","01","Alabama","049","DeKalb","34.2885670008786","-85.969858"
"02/11/2023","AQS","010491003","3","8.9","ug/m3 LC","49","CROSSVILLE","1","100.0000","88101","PM2.5 - Local Conditions","209","Met One BAM-1022 Mass Monitor w/ VSCC or TE-PM2.5C","22840","Fort Payne, AL","01","Alabama","049","DeKalb","34.2885670008786","-85.969858"
"02/12/2023","AQS","010491003","3","5.6","ug/m3 LC","31","CROSSVILLE","1","100.0000","88101","PM2.5 - Local Conditions","209","Met One BAM-1022 Mass Monitor w/ VSCC or TE-PM2.5C","22840","Fort Payne, AL","01","Alabama","049","DeKalb","34.2885670008786","-85.969858"
"02/13/2023","AQS","010491003","3","7.9","ug/m3 LC","44","CROSSVILLE","1","100.0000","88101","PM2.5 - Local Conditions","209","Met One BAM-1022 Mass Monitor w/ VSCC or TE-PM2.5C","22840","Fort Payne, AL","01","Alabama","049","DeKalb","34.2885670008786","-85.969858"
"02/14/2023","AQS","010491003","3","8.1","ug/m3 LC","45","CROSSVILLE","1","100.0000","88101","PM2.5 - Local Conditions","209","Met One BAM-1022 Mass Monitor w/ VSCC or TE-PM2.5C","22840","Fort Payne, AL","01","Alabama","049","DeKalb","34.2885670008786","-85.969858"
"02/15/2023","AQS","010491003","3","7","ug/m3 LC","39","CROSSVILLE","1","100.0000","88101","PM2.5 - Local Conditions","209","Met One BAM-1022 Mass Monitor w/ VSCC or TE-PM2.5C","22840","Fort Payne, AL","01","Alabama","049","DeKalb","34.2885670008786","-85.969858"
"02/16/2023","AQS","010491003","3","10.6","ug/m3 LC","54","CROSSVILLE","1","100.0000","88101","PM2.5 - Local Conditions","209","Met One BAM-1022 Mass Monitor w/ VSCC or TE-PM2.5C","22840","Fort Payne, AL","01","Alabama","049","DeKalb","34.2885670008786","-85.969858"
"02/17/2023","AQS","010491003","3","4.9","ug/m3 LC","27","CROSSVILLE","1","100.0000","88101","PM2.5 - Local Conditions","209","Met One BAM-1022 Mass Monitor w/ VSCC or TE-PM2.5C","22840","Fort Payne, AL","01","Alabama","049","DeKalb","34.2885670008786","-85.969858"
"02/18/2023","AQS","010491003","3","6.2","ug/m3 LC","34","CROSSVILLE","1","100.0000","88101","PM2.5 - Local Conditions","209","Met One BAM-1022 Mass Monitor w/ VSCC or TE-PM2.5C","22840","Fort Payne, AL","01","Alabama","049","DeKalb","34.2885670008786","-85.969858"
"02/19/2023","AQS","010491003","3","9.2","ug/m3 LC","51","CROSSVILLE","1","100.0000","88101","PM2.5 - Local Conditions","209","Met One BAM-1022 Mass Monitor w/ VSCC or TE-PM2.5C","22840","Fort Payne, AL","01","Alabama","049","DeKalb","34.2885670008786","-85.969858"
"02/20/2023","AQS","010491003","3","10.6","ug/m3 LC","54","CROSSVILLE","1","100.0000","88101","PM2.5 - Local Conditions","209","Met One BAM-1022 Mass Monitor w/ VSCC or TE-PM2.5C","22840","Fort Payne, AL","01","Alabama","049","DeKalb","34.2885670008786","-85.969858"
"02/21/2023","AQS","010491003","3","9.7","ug/m3 LC","52","CROSSVILLE","1","100.0000","88101","PM2.5 - Local Conditions","209","Met One BAM-1022 Mass Monitor w/ VSCC or TE-PM2.5C","22840","Fort Payne, AL","01","Alabama","049","DeKalb","34.2885670008786","-85.969858"
"02/22/2023","AQS","010491003","3","11.2","ug/m3 LC","55","CROSSVILLE","1","100.0000","88101","PM2.5 - Local Conditions","209","Met One BAM-1022 Mass Monitor w/ VSCC or TE-PM2.5C","22840","Fort Payne, AL","01","Alabama","049","DeKalb","34.2885670008786","-85.969858"
"02/23/2023","AQS","010491003","3","14.1","ug/m3 LC","60","CROSSVILLE","1","100.0000","88101","PM2.5 - Local Conditions","209","Met One BAM-1022 Mass Monitor w/ VSCC or TE-PM2.5C","22840","Fort Payne, AL","01","Alabama","049","DeKalb","34.2885670008786","-85.969858"
"02/24/2023","AQS","010491003","3","6.6","ug/m3 LC","37","CROSSVILLE","1","100.0000","88101","PM2.5 - Local Conditions","209","Met One BAM-1022 Mass Monitor w/ VSCC or TE-PM2.5C","22840","Fort Payne, AL","01","Alabama","049","DeKalb","34.2885670008786","-85.969858"
"02/25/2023","AQS","010491003","3","7.1","ug/m3 LC","39","CROSSVILLE","1","100.0000","88101","PM2.5 - Local Conditions","209","Met One BAM-1022 Mass Monitor w/ VSCC or TE-PM2.5C","22840","Fort Payne, AL","01","Alabama","049","DeKalb","34.2885670008786","-85.969858"
"02/26/2023","AQS","010491003","3","6.9","ug/m3 LC","38","CROSSVILLE","1","100.0000","88101","PM2.5 - Local Conditions","209","Met One BAM-1022 Mass Monitor w/ VSCC or TE-PM2.5C","22840","Fort Payne, AL","01","Alabama","049","DeKalb","34.2885670008786","-85.969858"
"02/27/2023","AQS","010491003","3","10.4","ug/m3 LC","53","CROSSVILLE","1","100.0000","88101","PM2.5 - Local Conditions","209","Met One BAM-1022 Mass Monitor w/ VSCC or TE-PM2.5C","22840","Fort Payne, AL","01","Alabama","049","DeKalb","34.2885670008786","-85.969858"
"02/28/2023","AQS","010491003","3","17.1","ug/m3 LC","66","CROSSVILLE","1","100.0000","88101","PM2.5 - Local Conditions","209","Met One BAM-1022 Mass Monitor w/ VSCC or TE-PM2.5C","22840","Fort Payne, AL","01","Alabama","049","DeKalb","34.2885670008786","-85.969858"
"03/01/2023","AQS","010491003","3","21.6","ug/m3 LC","74","CROSSVILLE","1","100.0000","88101","PM2.5 - Local Conditions","209","Met One BAM-1022 Mass Monitor w/ VSCC or TE-PM2.5C","22840","Fort Payne, AL","01","Alabama","049","DeKalb","34.2885670008786","-85.969858"
"03/02/2023","AQS","010491003","3","2.1","ug/m3 LC","12","CROSSVILLE","1","100.0000","88101","PM2.5 - Local Conditions","209","Met One BAM-1022 Mass Monitor w/ VSCC or TE-PM2.5C","22840","Fort Payne, AL","01","Alabama","049","DeKalb","34.2885670008786","-85.969858"
"03/03/2023","AQS","010491003","3","6.7","ug/m3 LC","37","CROSSVILLE","1","100.0000","88101","PM2.5 - Local Conditions","209","Met One BAM-1022 Mass Monitor w/ VSCC or TE-PM2.5C","22840","Fort Payne, AL","01","Alabama","049","DeKalb","34.2885670008786","-85.969858"
"03/04/2023","AQS","010491003","3","2.5","ug/m3 LC","14","CROSSVILLE","1","100.0000","88101","PM2.5 - Local Conditions","209","Met One BAM-1022 Mass Monitor w/ VSCC or TE-PM2.5C","22840","Fort Payne, AL","01","Alabama","049","DeKalb","34.2885670008786","-85.969858"
"03/05/2023","AQS","010491003","3","4.7","ug/m3 LC","26","CROSSVILLE","1","100.0000","88101","PM2.5 - Local Conditions","209","Met One BAM-1022 Mass Monitor w/ VSCC or TE-PM2.5C","22840","Fort Payne, AL","01","Alabama","049","DeKalb","34.2885670008786","-85.969858"
"03/06/2023","AQS","010491003","3","14.7","ug/m3 LC","61","CROSSVILLE","1","100.0000","88101","PM2.5 - Local Conditions","209","Met One BAM-1022 Mass Monitor w/ VSCC or TE-PM2.5C","22840","Fort Payne, AL","01","Alabama","049","DeKalb","34.2885670008786","-85.969858"
"03/07/2023","AQS","010491003","3","12.6","ug/m3 LC","58","CROSSVILLE","1","100.0000","88101","PM2.5 - Local Conditions","209","Met One BAM-1022 Mass Monitor w/ VSCC or TE-PM2.5C","22840","Fort Payne, AL","01","Alabama","049","DeKalb","34.2885670008786","-85.969858"
"03/08/2023","AQS","010491003","3","13.8","ug/m3 LC","60","CROSSVILLE","1","100.0000","88101","PM2.5 - Local Conditions","209","Met One BAM-1022 Mass Monitor w/ VSCC or TE-PM2.5C","22840","Fort Payne, AL","01","Alabama","049","DeKalb","34.2885670008786","-85.969858"
"03/09/2023","AQS","010491003","3","19.8","ug/m3 LC","71","CROSSVILLE","1","100.0000","88101","PM2.5 - Local Conditions","209","Met One BAM-1022 Mass Monitor w/ VSCC or TE-PM2.5C","22840","Fort Payne, AL","01","Alabama","049","DeKalb","34.2885670008786","-85.969858"
"03/10/2023","AQS","010491003","3","10.1","ug/m3 LC","53","CROSSVILLE","1","100.0000","88101","PM2.5 - Local Conditions","209","Met One BAM-1022 Mass Monitor w/ VSCC or TE-PM2.5C","22840","Fort Payne, AL","01","Alabama","049","DeKalb","34.2885670008786","-85.969858"
"03/11/2023","AQS","010491003","3","6.8","ug/m3 LC","38","CROSSVILLE","1","100.0000","88101","PM2.5 - Local Conditions","209","Met One BAM-1022 Mass Monitor w/ VSCC or TE-PM2.5C","22840","Fort Payne, AL","01","Alabama","049","DeKalb","34.2885670008786","-85.969858"
"03/12/2023","AQS","010491003","3","5.7","ug/m3 LC","32","CROSSVILLE","1","100.0000","88101","PM2.5 - Local Conditions","209","Met One BAM-1022 Mass Monitor w/ VSCC or TE-PM2.5C","22840","Fort Payne, AL","01","Alabama","049","DeKalb","34.2885670008786","-85.969858"
"03/13/2023","AQS","010491003","3","4.4","ug/m3 LC","24","CROSSVILLE","1","100.0000","88101","PM2.5 - Local Conditions","209","Met One BAM-1022 Mass Monitor w/ VSCC or TE-PM2.5C","22840","Fort Payne, AL","01","Alabama","049","DeKalb","34.2885670008786","-85.969858"
"03/14/2023","AQS","010491003","3","4.2","ug/m3 LC","23","CROSSVILLE","1","100.0000","88101","PM2.5 - Local Conditions","209","Met One BAM-1022 Mass Monitor w/ VSCC or TE-PM2.5C","22840","Fort Payne, AL","01","Alabama","049","DeKalb","34.2885670008786","-85.969858"
"03/15/2023","AQS","010491003","3","5.1","ug/m3 LC","28","CROSSVILLE","1","100.0000","88101","PM2.5 - Local Conditions","209","Met One BAM-1022 Mass Monitor w/ VSCC or TE-PM2.5C","22840","Fort Payne, AL","01","Alabama","049","DeKalb","34.2885670008786","-85.969858"
"03/16/2023","AQS","010491003","3","19.6","ug/m3 LC","71","CROSSVILLE","1","100.0000","88101","PM2.5 - Local Conditions","209","Met One BAM-1022 Mass Monitor w/ VSCC or TE-PM2.5C","22840","Fort Payne, AL","01","Alabama","049","DeKalb","34.2885670008786","-85.969858"
"03/17/2023","AQS","010491003","3","5.2","ug/m3 LC","29","CROSSVILLE","1","100.0000","88101","PM2.5 - Local Conditions","209","Met One BAM-1022 Mass Monitor w/ VSCC or TE-PM2.5C","22840","Fort Payne, AL","01","Alabama","049","DeKalb","34.2885670008786","-85.969858"
"03/18/2023","AQS","010491003","3","2.7","ug/m3 LC","15","CROSSVILLE","1","100.0000","88101","PM2.5 - Local Conditions","209","Met One BAM-1022 Mass Monitor w/ VSCC or TE-PM2.5C","22840","Fort Payne, AL","01","Alabama","049","DeKalb","34.2885670008786","-85.969858"
"03/19/2023","AQS","010491003","3","4","ug/m3 LC","22","CROSSVILLE","1","100.0000","88101","PM2.5 - Local Conditions","209","Met One BAM-1022 Mass Monitor w/ VSCC or TE-PM2.5C","22840","Fort Payne, AL","01","Alabama","049","DeKalb","34.2885670008786","-85.969858"
"03/20/2023","AQS","010491003","3","3.7","ug/m3 LC","21","CROSSVILLE","1","100.0000","88101","PM2.5 - Local Conditions","209","Met One BAM-1022 Mass Monitor w/ VSCC or TE-PM2.5C","22840","Fort Payne, AL","01","Alabama","049","DeKalb","34.2885670008786","-85.969858"
"03/21/2023","AQS","010491003","3","14.8","ug/m3 LC","62","CROSSVILLE","1","100.0000","88101","PM2.5 - Local Conditions","209","Met One BAM-1022 Mass Monitor w/ VSCC or TE-PM2.5C","22840","Fort Payne, AL","01","Alabama","049","DeKalb","34.2885670008786","-85.969858"
"03/22/2023","AQS","010491003","3","20.6","ug/m3 LC","72","CROSSVILLE","1","100.0000","88101","PM2.5 - Local Conditions","209","Met One BAM-1022 Mass Monitor w/ VSCC or TE-PM2.5C","22840","Fort Payne, AL","01","Alabama","049","DeKalb","34.2885670008786","-85.969858"
"03/23/2023","AQS","010491003","3","16.9","ug/m3 LC","66","CROSSVILLE","1","100.0000","88101","PM2.5 - Local Conditions","209","Met One BAM-1022 Mass Monitor w/ VSCC or TE-PM2.5C","22840","Fort Payne, AL","01","Alabama","049","DeKalb","34.2885670008786","-85.969858"
"03/24/2023","AQS","010491003","3","12.4","ug/m3 LC","57","CROSSVILLE","1","100.0000","88101","PM2.5 - Local Conditions","209","Met One BAM-1022 Mass Monitor w/ VSCC or TE-PM2.5C","22840","Fort Payne, AL","01","Alabama","049","DeKalb","34.2885670008786","-85.969858"
"03/25/2023","AQS","010491003","3","6.8","ug/m3 LC","38","CROSSVILLE","1","100.0000","88101","PM2.5 - Local Conditions","209","Met One BAM-1022 Mass Monitor w/ VSCC or TE-PM2.5C","22840","Fort Payne, AL","01","Alabama","049","DeKalb","34.2885670008786","-85.969858"
"03/26/2023","AQS","010491003","3","7.6","ug/m3 LC","42","CROSSVILLE","1","100.0000","88101","PM2.5 - Local Conditions","209","Met One BAM-1022 Mass Monitor w/ VSCC or TE-PM2.5C","22840","Fort Payne, AL","01","Alabama","049","DeKalb","34.2885670008786","-85.969858"
"03/27/2023","AQS","010491003","3","6.5","ug/m3 LC","36","CROSSVILLE","1","100.0000","88101","PM2.5 - Local Conditions","209","Met One BAM-1022 Mass Monitor w/ VSCC or TE-PM2.5C","22840","Fort Payne, AL","01","Alabama","049","DeKalb","34.2885670008786","-85.969858"
"03/28/2023","AQS","010491003","3","6.8","ug/m3 LC","38","CROSSVILLE","1","100.0000","88101","PM2.5 - Local Conditions","209","Met One BAM-1022 Mass Monitor w/ VSCC or TE-PM2.5C","22840","Fort Payne, AL","01","Alabama","049","DeKalb","34.2885670008786","-85.969858"
"03/29/2023","AQS","010491003","3","5.7","ug/m3 LC","32","CROSSVILLE","1","100.0000","88101","PM2.5 - Local Conditions","209","Met One BAM-1022 Mass Monitor w/ VSCC or TE-PM2.5C","22840","Fort Payne, AL","01","Alabama","049","DeKalb","34.2885670008786","-85.969858"
"03/30/2023","AQS","010491003","3","6.9","ug/m3 LC","38","CROSSVILLE","1","100.0000","88101","PM2.5 - Local Conditions","209","Met One BAM-1022 Mass Monitor w/ VSCC or TE-PM2.5C","22840","Fort Payne, AL","01","Alabama","049","DeKalb","34.2885670008786","-85.969858"
"03/31/2023","AQS","010491003","3","9.9","ug/m3 LC","52","CROSSVILLE","1","100.0000","88101","PM2.5 - Local Conditions","209","Met One BAM-1022 Mass Monitor w/ VSCC or TE-PM2.5C","22840","Fort Payne, AL","01","Alabama","049","DeKalb","34.2885670008786","-85.969858"
"04/01/2023","AQS","010491003","3","5.1","ug/m3 LC","28","CROSSVILLE","1","100.0000","88101","PM2.5 - Local Conditions","209","Met One BAM-1022 Mass Monitor w/ VSCC or TE-PM2.5C","22840","Fort Payne, AL","01","Alabama","049","DeKalb","34.2885670008786","-85.969858"
"04/02/2023","AQS","010491003","3","1.9","ug/m3 LC","11","CROSSVILLE","1","100.0000","88101","PM2.5 - Local Conditions","209","Met One BAM-1022 Mass Monitor w/ VSCC or TE-PM2.5C","22840","Fort Payne, AL","01","Alabama","049","DeKalb","34.2885670008786","-85.969858"
"04/03/2023","AQS","010491003","3","8.3","ug/m3 LC","46","CROSSVILLE","1","100.0000","88101","PM2.5 - Local Conditions","209","Met One BAM-1022 Mass Monitor w/ VSCC or TE-PM2.5C","22840","Fort Payne, AL","01","Alabama","049","DeKalb","34.2885670008786","-85.969858"
"04/04/2023","AQS","010491003","3","11.4","ug/m3 LC","55","CROSSVILLE","1","100.0000","88101","PM2.5 - Local Conditions","209","Met One BAM-1022 Mass Monitor w/ VSCC or TE-PM2.5C","22840","Fort Payne, AL","01","Alabama","049","DeKalb","34.2885670008786","-85.969858"
"04/05/2023","AQS","010491003","3","9.4","ug/m3 LC","52","CROSSVILLE","1","100.0000","88101","PM2.5 - Local Conditions","209","Met One BAM-1022 Mass Monitor w/ VSCC or TE-PM2.5C","22840","Fort Payne, AL","01","Alabama","049","DeKalb","34.2885670008786","-85.969858"
"04/06/2023","AQS","010491003","3","5.4","ug/m3 LC","30","CROSSVILLE","1","100.0000","88101","PM2.5 - Local Conditions","209","Met One BAM-1022 Mass Monitor w/ VSCC or TE-PM2.5C","22840","Fort Payne, AL","01","Alabama","049","DeKalb","34.2885670008786","-85.969858"
"04/07/2023","AQS","010491003","3","3.6","ug/m3 LC","20","CROSSVILLE","1","100.0000","88101","PM2.5 - Local Conditions","209","Met One BAM-1022 Mass Monitor w/ VSCC or TE-PM2.5C","22840","Fort Payne, AL","01","Alabama","049","DeKalb","34.2885670008786","-85.969858"
"04/08/2023","AQS","010491003","3","0.6","ug/m3 LC","3","CROSSVILLE","1","100.0000","88101","PM2.5 - Local Conditions","209","Met One BAM-1022 Mass Monitor w/ VSCC or TE-PM2.5C","22840","Fort Payne, AL","01","Alabama","049","DeKalb","34.2885670008786","-85.969858"
"04/09/2023","AQS","010491003","3","2.7","ug/m3 LC","15","CROSSVILLE","1","100.0000","88101","PM2.5 - Local Conditions","209","Met One BAM-1022 Mass Monitor w/ VSCC or TE-PM2.5C","22840","Fort Payne, AL","01","Alabama","049","DeKalb","34.2885670008786","-85.969858"
"04/10/2023","AQS","010491003","3","4.8","ug/m3 LC","27","CROSSVILLE","1","100.0000","88101","PM2.5 - Local Conditions","209","Met One BAM-1022 Mass Monitor w/ VSCC or TE-PM2.5C","22840","Fort Payne, AL","01","Alabama","049","DeKalb","34.2885670008786","-85.969858"
"04/11/2023","AQS","010491003","3","6.3","ug/m3 LC","35","CROSSVILLE","1","100.0000","88101","PM2.5 - Local Conditions","209","Met One BAM-1022 Mass Monitor w/ VSCC or TE-PM2.5C","22840","Fort Payne, AL","01","Alabama","049","DeKalb","34.2885670008786","-85.969858"
"04/12/2023","AQS","010491003","3","10.1","ug/m3 LC","53","CROSSVILLE","1","100.0000","88101","PM2.5 - Local Conditions","209","Met One BAM-1022 Mass Monitor w/ VSCC or TE-PM2.5C","22840","Fort Payne, AL","01","Alabama","049","DeKalb","34.2885670008786","-85.969858"
"04/13/2023","AQS","010491003","3","7.1","ug/m3 LC","39","CROSSVILLE","1","100.0000","88101","PM2.5 - Local Conditions","209","Met One BAM-1022 Mass Monitor w/ VSCC or TE-PM2.5C","22840","Fort Payne, AL","01","Alabama","049","DeKalb","34.2885670008786","-85.969858"
"04/14/2023","AQS","010491003","3","5.7","ug/m3 LC","32","CROSSVILLE","1","100.0000","88101","PM2.5 - Local Conditions","209","Met One BAM-1022 Mass Monitor w/ VSCC or TE-PM2.5C","22840","Fort Payne, AL","01","Alabama","049","DeKalb","34.2885670008786","-85.969858"
"04/15/2023","AQS","010491003","3","8.3","ug/m3 LC","46","CROSSVILLE","1","100.0000","88101","PM2.5 - Local Conditions","209","Met One BAM-1022 Mass Monitor w/ VSCC or TE-PM2.5C","22840","Fort Payne, AL","01","Alabama","049","DeKalb","34.2885670008786","-85.969858"
"04/16/2023","AQS","010491003","3","3.1","ug/m3 LC","17","CROSSVILLE","1","100.0000","88101","PM2.5 - Local Conditions","209","Met One BAM-1022 Mass Monitor w/ VSCC or TE-PM2.5C","22840","Fort Payne, AL","01","Alabama","049","DeKalb","34.2885670008786","-85.969858"
"04/17/2023","AQS","010491003","3","4.2","ug/m3 LC","23","CROSSVILLE","1","100.0000","88101","PM2.5 - Local Conditions","209","Met One BAM-1022 Mass Monitor w/ VSCC or TE-PM2.5C","22840","Fort Payne, AL","01","Alabama","049","DeKalb","34.2885670008786","-85.969858"
"04/18/2023","AQS","010491003","3","8.6","ug/m3 LC","48","CROSSVILLE","1","100.0000","88101","PM2.5 - Local Conditions","209","Met One BAM-1022 Mass Monitor w/ VSCC or TE-PM2.5C","22840","Fort Payne, AL","01","Alabama","049","DeKalb","34.2885670008786","-85.969858"
"04/19/2023","AQS","010491003","3","11.1","ug/m3 LC","55","CROSSVILLE","1","100.0000","88101","PM2.5 - Local Conditions","209","Met One BAM-1022 Mass Monitor w/ VSCC or TE-PM2.5C","22840","Fort Payne, AL","01","Alabama","049","DeKalb","34.2885670008786","-85.969858"
"04/20/2023","AQS","010491003","3","11.7","ug/m3 LC","56","CROSSVILLE","1","100.0000","88101","PM2.5 - Local Conditions","209","Met One BAM-1022 Mass Monitor w/ VSCC or TE-PM2.5C","22840","Fort Payne, AL","01","Alabama","049","DeKalb","34.2885670008786","-85.969858"
"04/21/2023","AQS","010491003","3","11.7","ug/m3 LC","56","CROSSVILLE","1","100.0000","88101","PM2.5 - Local Conditions","209","Met One BAM-1022 Mass Monitor w/ VSCC or TE-PM2.5C","22840","Fort Payne, AL","01","Alabama","049","DeKalb","34.2885670008786","-85.969858"
"04/22/2023","AQS","010491003","3","3.2","ug/m3 LC","18","CROSSVILLE","1","100.0000","88101","PM2.5 - Local Conditions","209","Met One BAM-1022 Mass Monitor w/ VSCC or TE-PM2.5C","22840","Fort Payne, AL","01","Alabama","049","DeKalb","34.2885670008786","-85.969858"
"04/23/2023","AQS","010491003","3","3.8","ug/m3 LC","21","CROSSVILLE","1","100.0000","88101","PM2.5 - Local Conditions","209","Met One BAM-1022 Mass Monitor w/ VSCC or TE-PM2.5C","22840","Fort Payne, AL","01","Alabama","049","DeKalb","34.2885670008786","-85.969858"
"04/24/2023","AQS","010491003","3","4.2","ug/m3 LC","23","CROSSVILLE","1","100.0000","88101","PM2.5 - Local Conditions","209","Met One BAM-1022 Mass Monitor w/ VSCC or TE-PM2.5C","22840","Fort Payne, AL","01","Alabama","049","DeKalb","34.2885670008786","-85.969858"
"04/25/2023","AQS","010491003","3","7.2","ug/m3 LC","40","CROSSVILLE","1","100.0000","88101","PM2.5 - Local Conditions","209","Met One BAM-1022 Mass Monitor w/ VSCC or TE-PM2.5C","22840","Fort Payne, AL","01","Alabama","049","DeKalb","34.2885670008786","-85.969858"
"04/26/2023","AQS","010491003","3","10.1","ug/m3 LC","53","CROSSVILLE","1","100.0000","88101","PM2.5 - Local Conditions","209","Met One BAM-1022 Mass Monitor w/ VSCC or TE-PM2.5C","22840","Fort Payne, AL","01","Alabama","049","DeKalb","34.2885670008786","-85.969858"
"04/27/2023","AQS","010491003","3","5.5","ug/m3 LC","31","CROSSVILLE","1","100.0000","88101","PM2.5 - Local Conditions","209","Met One BAM-1022 Mass Monitor w/ VSCC or TE-PM2.5C","22840","Fort Payne, AL","01","Alabama","049","DeKalb","34.2885670008786","-85.969858"
"04/28/2023","AQS","010491003","3","4.9","ug/m3 LC","27","CROSSVILLE","1","100.0000","88101","PM2.5 - Local Conditions","209","Met One BAM-1022 Mass Monitor w/ VSCC or TE-PM2.5C","22840","Fort Payne, AL","01","Alabama","049","DeKalb","34.2885670008786","-85.969858"
"04/29/2023","AQS","010491003","3","5.1","ug/m3 LC","28","CROSSVILLE","1","100.0000","88101","PM2.5 - Local Conditions","209","Met One BAM-1022 Mass Monitor w/ VSCC or TE-PM2.5C","22840","Fort Payne, AL","01","Alabama","049","DeKalb","34.2885670008786","-85.969858"
"04/30/2023","AQS","010491003","3","5.7","ug/m3 LC","32","CROSSVILLE","1","100.0000","88101","PM2.5 - Local Conditions","209","Met One BAM-1022 Mass Monitor w/ VSCC or TE-PM2.5C","22840","Fort Payne, AL","01","Alabama","049","DeKalb","34.2885670008786","-85.969858"
"05/01/2023","AQS","010491003","3","4","ug/m3 LC","22","CROSSVILLE","1","100.0000","88101","PM2.5 - Local Conditions","209","Met One BAM-1022 Mass Monitor w/ VSCC or TE-PM2.5C","22840","Fort Payne, AL","01","Alabama","049","DeKalb","34.2885670008786","-85.969858"
"05/02/2023","AQS","010491003","3","3.9","ug/m3 LC","22","CROSSVILLE","1","100.0000","88101","PM2.5 - Local Conditions","209","Met One BAM-1022 Mass Monitor w/ VSCC or TE-PM2.5C","22840","Fort Payne, AL","01","Alabama","049","DeKalb","34.2885670008786","-85.969858"
"05/03/2023","AQS","010491003","3","5.2","ug/m3 LC","29","CROSSVILLE","1","100.0000","88101","PM2.5 - Local Conditions","209","Met One BAM-1022 Mass Monitor w/ VSCC or TE-PM2.5C","22840","Fort Payne, AL","01","Alabama","049","DeKalb","34.2885670008786","-85.969858"
"05/04/2023","AQS","010491003","3","6.9","ug/m3 LC","38","CROSSVILLE","1","100.0000","88101","PM2.5 - Local Conditions","209","Met One BAM-1022 Mass Monitor w/ VSCC or TE-PM2.5C","22840","Fort Payne, AL","01","Alabama","049","DeKalb","34.2885670008786","-85.969858"
"05/05/2023","AQS","010491003","3","10","ug/m3 LC","53","CROSSVILLE","1","100.0000","88101","PM2.5 - Local Conditions","209","Met One BAM-1022 Mass Monitor w/ VSCC or TE-PM2.5C","22840","Fort Payne, AL","01","Alabama","049","DeKalb","34.2885670008786","-85.969858"
"05/06/2023","AQS","010491003","3","12.4","ug/m3 LC","57","CROSSVILLE","1","100.0000","88101","PM2.5 - Local Conditions","209","Met One BAM-1022 Mass Monitor w/ VSCC or TE-PM2.5C","22840","Fort Payne, AL","01","Alabama","049","DeKalb","34.2885670008786","-85.969858"
"05/07/2023","AQS","010491003","3","13","ug/m3 LC","58","CROSSVILLE","1","100.0000","88101","PM2.5 - Local Conditions","209","Met One BAM-1022 Mass Monitor w/ VSCC or TE-PM2.5C","22840","Fort Payne, AL","01","Alabama","049","DeKalb","34.2885670008786","-85.969858"
"05/08/2023","AQS","010491003","3","13.7","ug/m3 LC","60","CROSSVILLE","1","100.0000","88101","PM2.5 - Local Conditions","209","Met One BAM-1022 Mass Monitor w/ VSCC or TE-PM2.5C","22840","Fort Payne, AL","01","Alabama","049","DeKalb","34.2885670008786","-85.969858"
"05/09/2023","AQS","010491003","3","15.5","ug/m3 LC","63","CROSSVILLE","1","100.0000","88101","PM2.5 - Local Conditions","209","Met One BAM-1022 Mass Monitor w/ VSCC or TE-PM2.5C","22840","Fort Payne, AL","01","Alabama","049","DeKalb","34.2885670008786","-85.969858"
"05/10/2023","AQS","010491003","3","10.7","ug/m3 LC","54","CROSSVILLE","1","100.0000","88101","PM2.5 - Local Conditions","209","Met One BAM-1022 Mass Monitor w/ VSCC or TE-PM2.5C","22840","Fort Payne, AL","01","Alabama","049","DeKalb","34.2885670008786","-85.969858"
"05/11/2023","AQS","010491003","3","13.9","ug/m3 LC","60","CROSSVILLE","1","100.0000","88101","PM2.5 - Local Conditions","209","Met One BAM-1022 Mass Monitor w/ VSCC or TE-PM2.5C","22840","Fort Payne, AL","01","Alabama","049","DeKalb","34.2885670008786","-85.969858"
"05/12/2023","AQS","010491003","3","11","ug/m3 LC","55","CROSSVILLE","1","100.0000","88101","PM2.5 - Local Conditions","209","Met One BAM-1022 Mass Monitor w/ VSCC or TE-PM2.5C","22840","Fort Payne, AL","01","Alabama","049","DeKalb","34.2885670008786","-85.969858"
"05/13/2023","AQS","010491003","3","9.2","ug/m3 LC","51","CROSSVILLE","1","100.0000","88101","PM2.5 - Local Conditions","209","Met One BAM-1022 Mass Monitor w/ VSCC or TE-PM2.5C","22840","Fort Payne, AL","01","Alabama","049","DeKalb","34.2885670008786","-85.969858"
"05/14/2023","AQS","010491003","3","9.5","ug/m3 LC","52","CROSSVILLE","1","100.0000","88101","PM2.5 - Local Conditions","209","Met One BAM-1022 Mass Monitor w/ VSCC or TE-PM2.5C","22840","Fort Payne, AL","01","Alabama","049","DeKalb","34.2885670008786","-85.969858"
"05/15/2023","AQS","010491003","3","12.3","ug/m3 LC","57","CROSSVILLE","1","100.0000","88101","PM2.5 - Local Conditions","209","Met One BAM-1022 Mass Monitor w/ VSCC or TE-PM2.5C","22840","Fort Payne, AL","01","Alabama","049","DeKalb","34.2885670008786","-85.969858"
"05/16/2023","AQS","010491003","3","9.7","ug/m3 LC","52","CROSSVILLE","1","100.0000","88101","PM2.5 - Local Conditions","209","Met One BAM-1022 Mass Monitor w/ VSCC or TE-PM2.5C","22840","Fort Payne, AL","01","Alabama","049","DeKalb","34.2885670008786","-85.969858"
"05/17/2023","AQS","010491003","3","7.7","ug/m3 LC","43","CROSSVILLE","1","100.0000","88101","PM2.5 - Local Conditions","209","Met One BAM-1022 Mass Monitor w/ VSCC or TE-PM2.5C","22840","Fort Payne, AL","01","Alabama","049","DeKalb","34.2885670008786","-85.969858"
"05/18/2023","AQS","010491003","3","8.9","ug/m3 LC","49","CROSSVILLE","1","100.0000","88101","PM2.5 - Local Conditions","209","Met One BAM-1022 Mass Monitor w/ VSCC or TE-PM2.5C","22840","Fort Payne, AL","01","Alabama","049","DeKalb","34.2885670008786","-85.969858"
"05/19/2023","AQS","010491003","3","7.7","ug/m3 LC","43","CROSSVILLE","1","100.0000","88101","PM2.5 - Local Conditions","209","Met One BAM-1022 Mass Monitor w/ VSCC or TE-PM2.5C","22840","Fort Payne, AL","01","Alabama","049","DeKalb","34.2885670008786","-85.969858"
"05/20/2023","AQS","010491003","3","7.8","ug/m3 LC","43","CROSSVILLE","1","100.0000","88101","PM2.5 - Local Conditions","209","Met One BAM-1022 Mass Monitor w/ VSCC or TE-PM2.5C","22840","Fort Payne, AL","01","Alabama","049","DeKalb","34.2885670008786","-85.969858"
"05/21/2023","AQS","010491003","3","18","ug/m3 LC","68","CROSSVILLE","1","100.0000","88101","PM2.5 - Local Conditions","209","Met One BAM-1022 Mass Monitor w/ VSCC or TE-PM2.5C","22840","Fort Payne, AL","01","Alabama","049","DeKalb","34.2885670008786","-85.969858"
"05/22/2023","AQS","010491003","3","16.3","ug/m3 LC","64","CROSSVILLE","1","100.0000","88101","PM2.5 - Local Conditions","209","Met One BAM-1022 Mass Monitor w/ VSCC or TE-PM2.5C","22840","Fort Payne, AL","01","Alabama","049","DeKalb","34.2885670008786","-85.969858"
"05/23/2023","AQS","010491003","3","17.2","ug/m3 LC","66","CROSSVILLE","1","100.0000","88101","PM2.5 - Local Conditions","209","Met One BAM-1022 Mass Monitor w/ VSCC or TE-PM2.5C","22840","Fort Payne, AL","01","Alabama","049","DeKalb","34.2885670008786","-85.969858"
"05/24/2023","AQS","010491003","3","17.9","ug/m3 LC","67","CROSSVILLE","1","100.0000","88101","PM2.5 - Local Conditions","209","Met One BAM-1022 Mass Monitor w/ VSCC or TE-PM2.5C","22840","Fort Payne, AL","01","Alabama","049","DeKalb","34.2885670008786","-85.969858"
"05/25/2023","AQS","010491003","3","18.5","ug/m3 LC","69","CROSSVILLE","1","100.0000","88101","PM2.5 - Local Conditions","209","Met One BAM-1022 Mass Monitor w/ VSCC or TE-PM2.5C","22840","Fort Payne, AL","01","Alabama","049","DeKalb","34.2885670008786","-85.969858"
"05/26/2023","AQS","010491003","3","19.2","ug/m3 LC","70","CROSSVILLE","1","100.0000","88101","PM2.5 - Local Conditions","209","Met One BAM-1022 Mass Monitor w/ VSCC or TE-PM2.5C","22840","Fort Payne, AL","01","Alabama","049","DeKalb","34.2885670008786","-85.969858"
"05/27/2023","AQS","010491003","3","11","ug/m3 LC","55","CROSSVILLE","1","100.0000","88101","PM2.5 - Local Conditions","209","Met One BAM-1022 Mass Monitor w/ VSCC or TE-PM2.5C","22840","Fort Payne, AL","01","Alabama","049","DeKalb","34.2885670008786","-85.969858"
"05/28/2023","AQS","010491003","3","7.1","ug/m3 LC","39","CROSSVILLE","1","100.0000","88101","PM2.5 - Local Conditions","209","Met One BAM-1022 Mass Monitor w/ VSCC or TE-PM2.5C","22840","Fort Payne, AL","01","Alabama","049","DeKalb","34.2885670008786","-85.969858"
"05/29/2023","AQS","010491003","3","6.3","ug/m3 LC","35","CROSSVILLE","1","100.0000","88101","PM2.5 - Local Conditions","209","Met One BAM-1022 Mass Monitor w/ VSCC or TE-PM2.5C","22840","Fort Payne, AL","01","Alabama","049","DeKalb","34.2885670008786","-85.969858"
"05/30/2023","AQS","010491003","3","8.5","ug/m3 LC","47","CROSSVILLE","1","100.0000","88101","PM2.5 - Local Conditions","209","Met One BAM-1022 Mass Monitor w/ VSCC or TE-PM2.5C","22840","Fort Payne, AL","01","Alabama","049","DeKalb","34.2885670008786","-85.969858"
"05/31/2023","AQS","010491003","3","12.8","ug/m3 LC","58","CROSSVILLE","1","100.0000","88101","PM2.5 - Local Conditions","209","Met One BAM-1022 Mass Monitor w/ VSCC or TE-PM2.5C","22840","Fort Payne, AL","01","Alabama","049","DeKalb","34.2885670008786","-85.969858"
"06/01/2023","AQS","010491003","3","11.5","ug/m3 LC","55","CROSSVILLE","1","100.0000","88101","PM2.5 - Local Conditions","209","Met One BAM-1022 Mass Monitor w/ VSCC or TE-PM2.5C","22840","Fort Payne, AL","01","Alabama","049","DeKalb","34.2885670008786","-85.969858"
"06/02/2023","AQS","010491003","3","11","ug/m3 LC","55","CROSSVILLE","1","100.0000","88101","PM2.5 - Local Conditions","209","Met One BAM-1022 Mass Monitor w/ VSCC or TE-PM2.5C","22840","Fort Payne, AL","01","Alabama","049","DeKalb","34.2885670008786","-85.969858"
"06/03/2023","AQS","010491003","3","14.3","ug/m3 LC","61","CROSSVILLE","1","100.0000","88101","PM2.5 - Local Conditions","209","Met One BAM-1022 Mass Monitor w/ VSCC or TE-PM2.5C","22840","Fort Payne, AL","01","Alabama","049","DeKalb","34.2885670008786","-85.969858"
"06/04/2023","AQS","010491003","3","14.5","ug/m3 LC","61","CROSSVILLE","1","100.0000","88101","PM2.5 - Local Conditions","209","Met One BAM-1022 Mass Monitor w/ VSCC or TE-PM2.5C","22840","Fort Payne, AL","01","Alabama","049","DeKalb","34.2885670008786","-85.969858"
"06/05/2023","AQS","010491003","3","14.7","ug/m3 LC","61","CROSSVILLE","1","100.0000","88101","PM2.5 - Local Conditions","209","Met One BAM-1022 Mass Monitor w/ VSCC or TE-PM2.5C","22840","Fort Payne, AL","01","Alabama","049","DeKalb","34.2885670008786","-85.969858"
"06/06/2023","AQS","010491003","3","18","ug/m3 LC","68","CROSSVILLE","1","100.0000","88101","PM2.5 - Local Conditions","209","Met One BAM-1022 Mass Monitor w/ VSCC or TE-PM2.5C","22840","Fort Payne, AL","01","Alabama","049","DeKalb","34.2885670008786","-85.969858"
"06/07/2023","AQS","010491003","3","23.1","ug/m3 LC","77","CROSSVILLE","1","100.0000","88101","PM2.5 - Local Conditions","209","Met One BAM-1022 Mass Monitor w/ VSCC or TE-PM2.5C","22840","Fort Payne, AL","01","Alabama","049","DeKalb","34.2885670008786","-85.969858"
"06/08/2023","AQS","010491003","3","20.7","ug/m3 LC","73","CROSSVILLE","1","100.0000","88101","PM2.5 - Local Conditions","209","Met One BAM-1022 Mass Monitor w/ VSCC or TE-PM2.5C","22840","Fort Payne, AL","01","Alabama","049","DeKalb","34.2885670008786","-85.969858"
"06/09/2023","AQS","010491003","3","21.2","ug/m3 LC","74","CROSSVILLE","1","100.0000","88101","PM2.5 - Local Conditions","209","Met One BAM-1022 Mass Monitor w/ VSCC or TE-PM2.5C","22840","Fort Payne, AL","01","Alabama","049","DeKalb","34.2885670008786","-85.969858"
"06/10/2023","AQS","010491003","3","24.1","ug/m3 LC","79","CROSSVILLE","1","100.0000","88101","PM2.5 - Local Conditions","209","Met One BAM-1022 Mass Monitor w/ VSCC or TE-PM2.5C","22840","Fort Payne, AL","01","Alabama","049","DeKalb","34.2885670008786","-85.969858"
"06/11/2023","AQS","010491003","3","15","ug/m3 LC","62","CROSSVILLE","1","100.0000","88101","PM2.5 - Local Conditions","209","Met One BAM-1022 Mass Monitor w/ VSCC or TE-PM2.5C","22840","Fort Payne, AL","01","Alabama","049","DeKalb","34.2885670008786","-85.969858"
"06/12/2023","AQS","010491003","3","12.1","ug/m3 LC","57","CROSSVILLE","1","100.0000","88101","PM2.5 - Local Conditions","209","Met One BAM-1022 Mass Monitor w/ VSCC or TE-PM2.5C","22840","Fort Payne, AL","01","Alabama","049","DeKalb","34.2885670008786","-85.969858"
"06/13/2023","AQS","010491003","3","14.7","ug/m3 LC","61","CROSSVILLE","1","100.0000","88101","PM2.5 - Local Conditions","209","Met One BAM-1022 Mass Monitor w/ VSCC or TE-PM2.5C","22840","Fort Payne, AL","01","Alabama","049","DeKalb","34.2885670008786","-85.969858"
"06/14/2023","AQS","010491003","3","10.2","ug/m3 LC","53","CROSSVILLE","1","100.0000","88101","PM2.5 - Local Conditions","209","Met One BAM-1022 Mass Monitor w/ VSCC or TE-PM2.5C","22840","Fort Payne, AL","01","Alabama","049","DeKalb","34.2885670008786","-85.969858"
"06/15/2023","AQS","010491003","3","9.1","ug/m3 LC","51","CROSSVILLE","1","100.0000","88101","PM2.5 - Local Conditions","209","Met One BAM-1022 Mass Monitor w/ VSCC or TE-PM2.5C","22840","Fort Payne, AL","01","Alabama","049","DeKalb","34.2885670008786","-85.969858"
"06/16/2023","AQS","010491003","3","10.4","ug/m3 LC","53","CROSSVILLE","1","100.0000","88101","PM2.5 - Local Conditions","209","Met One BAM-1022 Mass Monitor w/ VSCC or TE-PM2.5C","22840","Fort Payne, AL","01","Alabama","049","DeKalb","34.2885670008786","-85.969858"
"06/17/2023","AQS","010491003","3","14.4","ug/m3 LC","61","CROSSVILLE","1","100.0000","88101","PM2.5 - Local Conditions","209","Met One BAM-1022 Mass Monitor w/ VSCC or TE-PM2.5C","22840","Fort Payne, AL","01","Alabama","049","DeKalb","34.2885670008786","-85.969858"
"06/18/2023","AQS","010491003","3","17.2","ug/m3 LC","66","CROSSVILLE","1","100.0000","88101","PM2.5 - Local Conditions","209","Met One BAM-1022 Mass Monitor w/ VSCC or TE-PM2.5C","22840","Fort Payne, AL","01","Alabama","049","DeKalb","34.2885670008786","-85.969858"
"06/19/2023","AQS","010491003","3","8.5","ug/m3 LC","47","CROSSVILLE","1","100.0000","88101","PM2.5 - Local Conditions","209","Met One BAM-1022 Mass Monitor w/ VSCC or TE-PM2.5C","22840","Fort Payne, AL","01","Alabama","049","DeKalb","34.2885670008786","-85.969858"
"06/20/2023","AQS","010491003","3","9","ug/m3 LC","50","CROSSVILLE","1","100.0000","88101","PM2.5 - Local Conditions","209","Met One BAM-1022 Mass Monitor w/ VSCC or TE-PM2.5C","22840","Fort Payne, AL","01","Alabama","049","DeKalb","34.2885670008786","-85.969858"
"06/21/2023","AQS","010491003","3","4.7","ug/m3 LC","26","CROSSVILLE","1","100.0000","88101","PM2.5 - Local Conditions","209","Met One BAM-1022 Mass Monitor w/ VSCC or TE-PM2.5C","22840","Fort Payne, AL","01","Alabama","049","DeKalb","34.2885670008786","-85.969858"
"06/22/2023","AQS","010491003","3","3.7","ug/m3 LC","21","CROSSVILLE","1","100.0000","88101","PM2.5 - Local Conditions","209","Met One BAM-1022 Mass Monitor w/ VSCC or TE-PM2.5C","22840","Fort Payne, AL","01","Alabama","049","DeKalb","34.2885670008786","-85.969858"
"06/23/2023","AQS","010491003","3","6.5","ug/m3 LC","36","CROSSVILLE","1","100.0000","88101","PM2.5 - Local Conditions","209","Met One BAM-1022 Mass Monitor w/ VSCC or TE-PM2.5C","22840","Fort Payne, AL","01","Alabama","049","DeKalb","34.2885670008786","-85.969858"
"06/24/2023","AQS","010491003","3","16.9","ug/m3 LC","66","CROSSVILLE","1","100.0000","88101","PM2.5 - Local Conditions","209","Met One BAM-1022 Mass Monitor w/ VSCC or TE-PM2.5C","22840","Fort Payne, AL","01","Alabama","049","DeKalb","34.2885670008786","-85.969858"
"06/25/2023","AQS","010491003","3","15.2","ug/m3 LC","62","CROSSVILLE","1","100.0000","88101","PM2.5 - Local Conditions","209","Met One BAM-1022 Mass Monitor w/ VSCC or TE-PM2.5C","22840","Fort Payne, AL","01","Alabama","049","DeKalb","34.2885670008786","-85.969858"
"06/26/2023","AQS","010491003","3","11.3","ug/m3 LC","55","CROSSVILLE","1","100.0000","88101","PM2.5 - Local Conditions","209","Met One BAM-1022 Mass Monitor w/ VSCC or TE-PM2.5C","22840","Fort Payne, AL","01","Alabama","049","DeKalb","34.2885670008786","-85.969858"
"06/27/2023","AQS","010491003","3","16","ug/m3 LC","64","CROSSVILLE","1","100.0000","88101","PM2.5 - Local Conditions","209","Met One BAM-1022 Mass Monitor w/ VSCC or TE-PM2.5C","22840","Fort Payne, AL","01","Alabama","049","DeKalb","34.2885670008786","-85.969858"
"06/28/2023","AQS","010491003","3","13.1","ug/m3 LC","58","CROSSVILLE","1","100.0000","88101","PM2.5 - Local Conditions","209","Met One BAM-1022 Mass Monitor w/ VSCC or TE-PM2.5C","22840","Fort Payne, AL","01","Alabama","049","DeKalb","34.2885670008786","-85.969858"
"06/29/2023","AQS","010491003","3","23.9","ug/m3 LC","79","CROSSVILLE","1","100.0000","88101","PM2.5 - Local Conditions","209","Met One BAM-1022 Mass Monitor w/ VSCC or TE-PM2.5C","22840","Fort Payne, AL","01","Alabama","049","DeKalb","34.2885670008786","-85.969858"
"06/30/2023","AQS","010491003","3","23.6","ug/m3 LC","78","CROSSVILLE","1","100.0000","88101","PM2.5 - Local Conditions","209","Met One BAM-1022 Mass Monitor w/ VSCC or TE-PM2.5C","22840","Fort Payne, AL","01","Alabama","049","DeKalb","34.2885670008786","-85.969858"
"07/01/2023","AQS","010491003","3","14.6","ug/m3 LC","61","CROSSVILLE","1","100.0000","88101","PM2.5 - Local Conditions","209","Met One BAM-1022 Mass Monitor w/ VSCC or TE-PM2.5C","22840","Fort Payne, AL","01","Alabama","049","DeKalb","34.2885670008786","-85.969858"
"07/02/2023","AQS","010491003","3","13.1","ug/m3 LC","58","CROSSVILLE","1","100.0000","88101","PM2.5 - Local Conditions","209","Met One BAM-1022 Mass Monitor w/ VSCC or TE-PM2.5C","22840","Fort Payne, AL","01","Alabama","049","DeKalb","34.2885670008786","-85.969858"
"07/03/2023","AQS","010491003","3","8.2","ug/m3 LC","46","CROSSVILLE","1","100.0000","88101","PM2.5 - Local Conditions","209","Met One BAM-1022 Mass Monitor w/ VSCC or TE-PM2.5C","22840","Fort Payne, AL","01","Alabama","049","DeKalb","34.2885670008786","-85.969858"
"07/04/2023","AQS","010491003","3","9.7","ug/m3 LC","52","CROSSVILLE","1","100.0000","88101","PM2.5 - Local Conditions","209","Met One BAM-1022 Mass Monitor w/ VSCC or TE-PM2.5C","22840","Fort Payne, AL","01","Alabama","049","DeKalb","34.2885670008786","-85.969858"
"07/05/2023","AQS","010491003","3","14","ug/m3 LC","60","CROSSVILLE","1","100.0000","88101","PM2.5 - Local Conditions","209","Met One BAM-1022 Mass Monitor w/ VSCC or TE-PM2.5C","22840","Fort Payne, AL","01","Alabama","049","DeKalb","34.2885670008786","-85.969858"
"07/06/2023","AQS","010491003","3","10.1","ug/m3 LC","53","CROSSVILLE","1","100.0000","88101","PM2.5 - Local Conditions","209","Met One BAM-1022 Mass Monitor w/ VSCC or TE-PM2.5C","22840","Fort Payne, AL","01","Alabama","049","DeKalb","34.2885670008786","-85.969858"
"07/07/2023","AQS","010491003","3","8","ug/m3 LC","44","CROSSVILLE","1","100.0000","88101","PM2.5 - Local Conditions","209","Met One BAM-1022 Mass Monitor w/ VSCC or TE-PM2.5C","22840","Fort Payne, AL","01","Alabama","049","DeKalb","34.2885670008786","-85.969858"
"07/08/2023","AQS","010491003","3","9.4","ug/m3 LC","52","CROSSVILLE","1","100.0000","88101","PM2.5 - Local Conditions","209","Met One BAM-1022 Mass Monitor w/ VSCC or TE-PM2.5C","22840","Fort Payne, AL","01","Alabama","049","DeKalb","34.2885670008786","-85.969858"
"07/09/2023","AQS","010491003","3","5.9","ug/m3 LC","33","CROSSVILLE","1","100.0000","88101","PM2.5 - Local Conditions","209","Met One BAM-1022 Mass Monitor w/ VSCC or TE-PM2.5C","22840","Fort Payne, AL","01","Alabama","049","DeKalb","34.2885670008786","-85.969858"
"07/10/2023","AQS","010491003","3","4.6","ug/m3 LC","26","CROSSVILLE","1","100.0000","88101","PM2.5 - Local Conditions","209","Met One BAM-1022 Mass Monitor w/ VSCC or TE-PM2.5C","22840","Fort Payne, AL","01","Alabama","049","DeKalb","34.2885670008786","-85.969858"
"07/11/2023","AQS","010491003","3","8.5","ug/m3 LC","47","CROSSVILLE","1","100.0000","88101","PM2.5 - Local Conditions","209","Met One BAM-1022 Mass Monitor w/ VSCC or TE-PM2.5C","22840","Fort Payne, AL","01","Alabama","049","DeKalb","34.2885670008786","-85.969858"
"07/12/2023","AQS","010491003","3","11.2","ug/m3 LC","55","CROSSVILLE","1","100.0000","88101","PM2.5 - Local Conditions","209","Met One BAM-1022 Mass Monitor w/ VSCC or TE-PM2.5C","22840","Fort Payne, AL","01","Alabama","049","DeKalb","34.2885670008786","-85.969858"
"07/13/2023","AQS","010491003","3","9.9","ug/m3 LC","52","CROSSVILLE","1","100.0000","88101","PM2.5 - Local Conditions","209","Met One BAM-1022 Mass Monitor w/ VSCC or TE-PM2.5C","22840","Fort Payne, AL","01","Alabama","049","DeKalb","34.2885670008786","-85.969858"
"07/14/2023","AQS","010491003","3","10.1","ug/m3 LC","53","CROSSVILLE","1","100.0000","88101","PM2.5 - Local Conditions","209","Met One BAM-1022 Mass Monitor w/ VSCC or TE-PM2.5C","22840","Fort Payne, AL","01","Alabama","049","DeKalb","34.2885670008786","-85.969858"
"07/15/2023","AQS","010491003","3","8.8","ug/m3 LC","49","CROSSVILLE","1","100.0000","88101","PM2.5 - Local Conditions","209","Met One BAM-1022 Mass Monitor w/ VSCC or TE-PM2.5C","22840","Fort Payne, AL","01","Alabama","049","DeKalb","34.2885670008786","-85.969858"
"07/16/2023","AQS","010491003","3","16.5","ug/m3 LC","65","CROSSVILLE","1","100.0000","88101","PM2.5 - Local Conditions","209","Met One BAM-1022 Mass Monitor w/ VSCC or TE-PM2.5C","22840","Fort Payne, AL","01","Alabama","049","DeKalb","34.2885670008786","-85.969858"
"07/21/2023","AQS","010491003","3","9","ug/m3 LC","50","CROSSVILLE","1","100.0000","88101","PM2.5 - Local Conditions","209","Met One BAM-1022 Mass Monitor w/ VSCC or TE-PM2.5C","22840","Fort Payne, AL","01","Alabama","049","DeKalb","34.2885670008786","-85.969858"
"07/22/2023","AQS","010491003","3","9.8","ug/m3 LC","52","CROSSVILLE","1","100.0000","88101","PM2.5 - Local Conditions","209","Met One BAM-1022 Mass Monitor w/ VSCC or TE-PM2.5C","22840","Fort Payne, AL","01","Alabama","049","DeKalb","34.2885670008786","-85.969858"
"07/23/2023","AQS","010491003","3","11.8","ug/m3 LC","56","CROSSVILLE","1","100.0000","88101","PM2.5 - Local Conditions","209","Met One BAM-1022 Mass Monitor w/ VSCC or TE-PM2.5C","22840","Fort Payne, AL","01","Alabama","049","DeKalb","34.2885670008786","-85.969858"
"07/24/2023","AQS","010491003","3","14.6","ug/m3 LC","61","CROSSVILLE","1","100.0000","88101","PM2.5 - Local Conditions","209","Met One BAM-1022 Mass Monitor w/ VSCC or TE-PM2.5C","22840","Fort Payne, AL","01","Alabama","049","DeKalb","34.2885670008786","-85.969858"
"07/25/2023","AQS","010491003","3","19.1","ug/m3 LC","70","CROSSVILLE","1","100.0000","88101","PM2.5 - Local Conditions","209","Met One BAM-1022 Mass Monitor w/ VSCC or TE-PM2.5C","22840","Fort Payne, AL","01","Alabama","049","DeKalb","34.2885670008786","-85.969858"
"07/26/2023","AQS","010491003","3","17.6","ug/m3 LC","67","CROSSVILLE","1","100.0000","88101","PM2.5 - Local Conditions","209","Met One BAM-1022 Mass Monitor w/ VSCC or TE-PM2.5C","22840","Fort Payne, AL","01","Alabama","049","DeKalb","34.2885670008786","-85.969858"
"07/27/2023","AQS","010491003","3","17.2","ug/m3 LC","66","CROSSVILLE","1","100.0000","88101","PM2.5 - Local Conditions","209","Met One BAM-1022 Mass Monitor w/ VSCC or TE-PM2.5C","22840","Fort Payne, AL","01","Alabama","049","DeKalb","34.2885670008786","-85.969858"
"07/28/2023","AQS","010491003","3","17.4","ug/m3 LC","66","CROSSVILLE","1","100.0000","88101","PM2.5 - Local Conditions","209","Met One BAM-1022 Mass Monitor w/ VSCC or TE-PM2.5C","22840","Fort Payne, AL","01","Alabama","049","DeKalb","34.2885670008786","-85.969858"
"07/29/2023","AQS","010491003","3","18.1","ug/m3 LC","68","CROSSVILLE","1","100.0000","88101","PM2.5 - Local Conditions","209","Met One BAM-1022 Mass Monitor w/ VSCC or TE-PM2.5C","22840","Fort Payne, AL","01","Alabama","049","DeKalb","34.2885670008786","-85.969858"
"07/30/2023","AQS","010491003","3","11.2","ug/m3 LC","55","CROSSVILLE","1","100.0000","88101","PM2.5 - Local Conditions","209","Met One BAM-1022 Mass Monitor w/ VSCC or TE-PM2.5C","22840","Fort Payne, AL","01","Alabama","049","DeKalb","34.2885670008786","-85.969858"
"07/31/2023","AQS","010491003","3","8.3","ug/m3 LC","46","CROSSVILLE","1","100.0000","88101","PM2.5 - Local Conditions","209","Met One BAM-1022 Mass Monitor w/ VSCC or TE-PM2.5C","22840","Fort Payne, AL","01","Alabama","049","DeKalb","34.2885670008786","-85.969858"
"08/01/2023","AQS","010491003","3","8.8","ug/m3 LC","49","CROSSVILLE","1","100.0000","88101","PM2.5 - Local Conditions","209","Met One BAM-1022 Mass Monitor w/ VSCC or TE-PM2.5C","22840","Fort Payne, AL","01","Alabama","049","DeKalb","34.2885670008786","-85.969858"
"08/02/2023","AQS","010491003","3","10.1","ug/m3 LC","53","CROSSVILLE","1","100.0000","88101","PM2.5 - Local Conditions","209","Met One BAM-1022 Mass Monitor w/ VSCC or TE-PM2.5C","22840","Fort Payne, AL","01","Alabama","049","DeKalb","34.2885670008786","-85.969858"
"08/03/2023","AQS","010491003","3","12.6","ug/m3 LC","58","CROSSVILLE","1","100.0000","88101","PM2.5 - Local Conditions","209","Met One BAM-1022 Mass Monitor w/ VSCC or TE-PM2.5C","22840","Fort Payne, AL","01","Alabama","049","DeKalb","34.2885670008786","-85.969858"
"08/04/2023","AQS","010491003","3","7.9","ug/m3 LC","44","CROSSVILLE","1","100.0000","88101","PM2.5 - Local Conditions","209","Met One BAM-1022 Mass Monitor w/ VSCC or TE-PM2.5C","22840","Fort Payne, AL","01","Alabama","049","DeKalb","34.2885670008786","-85.969858"
"08/05/2023","AQS","010491003","3","7.4","ug/m3 LC","41","CROSSVILLE","1","100.0000","88101","PM2.5 - Local Conditions","209","Met One BAM-1022 Mass Monitor w/ VSCC or TE-PM2.5C","22840","Fort Payne, AL","01","Alabama","049","DeKalb","34.2885670008786","-85.969858"
"08/06/2023","AQS","010491003","3","8.1","ug/m3 LC","45","CROSSVILLE","1","100.0000","88101","PM2.5 - Local Conditions","209","Met One BAM-1022 Mass Monitor w/ VSCC or TE-PM2.5C","22840","Fort Payne, AL","01","Alabama","049","DeKalb","34.2885670008786","-85.969858"
"08/07/2023","AQS","010491003","3","10.1","ug/m3 LC","53","CROSSVILLE","1","100.0000","88101","PM2.5 - Local Conditions","209","Met One BAM-1022 Mass Monitor w/ VSCC or TE-PM2.5C","22840","Fort Payne, AL","01","Alabama","049","DeKalb","34.2885670008786","-85.969858"
"08/08/2023","AQS","010491003","3","9.3","ug/m3 LC","51","CROSSVILLE","1","100.0000","88101","PM2.5 - Local Conditions","209","Met One BAM-1022 Mass Monitor w/ VSCC or TE-PM2.5C","22840","Fort Payne, AL","01","Alabama","049","DeKalb","34.2885670008786","-85.969858"
"08/09/2023","AQS","010491003","3","8.1","ug/m3 LC","45","CROSSVILLE","1","100.0000","88101","PM2.5 - Local Conditions","209","Met One BAM-1022 Mass Monitor w/ VSCC or TE-PM2.5C","22840","Fort Payne, AL","01","Alabama","049","DeKalb","34.2885670008786","-85.969858"
"08/12/2023","AQS","010491003","3","9","ug/m3 LC","50","CROSSVILLE","1","100.0000","88101","PM2.5 - Local Conditions","209","Met One BAM-1022 Mass Monitor w/ VSCC or TE-PM2.5C","22840","Fort Payne, AL","01","Alabama","049","DeKalb","34.2885670008786","-85.969858"
"08/13/2023","AQS","010491003","3","6.6","ug/m3 LC","37","CROSSVILLE","1","100.0000","88101","PM2.5 - Local Conditions","209","Met One BAM-1022 Mass Monitor w/ VSCC or TE-PM2.5C","22840","Fort Payne, AL","01","Alabama","049","DeKalb","34.2885670008786","-85.969858"
"08/14/2023","AQS","010491003","3","11.1","ug/m3 LC","55","CROSSVILLE","1","100.0000","88101","PM2.5 - Local Conditions","209","Met One BAM-1022 Mass Monitor w/ VSCC or TE-PM2.5C","22840","Fort Payne, AL","01","Alabama","049","DeKalb","34.2885670008786","-85.969858"
"08/15/2023","AQS","010491003","3","6.9","ug/m3 LC","38","CROSSVILLE","1","100.0000","88101","PM2.5 - Local Conditions","209","Met One BAM-1022 Mass Monitor w/ VSCC or TE-PM2.5C","22840","Fort Payne, AL","01","Alabama","049","DeKalb","34.2885670008786","-85.969858"
"08/16/2023","AQS","010491003","3","5.1","ug/m3 LC","28","CROSSVILLE","1","100.0000","88101","PM2.5 - Local Conditions","209","Met One BAM-1022 Mass Monitor w/ VSCC or TE-PM2.5C","22840","Fort Payne, AL","01","Alabama","049","DeKalb","34.2885670008786","-85.969858"
"08/17/2023","AQS","010491003","3","7.7","ug/m3 LC","43","CROSSVILLE","1","100.0000","88101","PM2.5 - Local Conditions","209","Met One BAM-1022 Mass Monitor w/ VSCC or TE-PM2.5C","22840","Fort Payne, AL","01","Alabama","049","DeKalb","34.2885670008786","-85.969858"
"08/18/2023","AQS","010491003","3","11.5","ug/m3 LC","55","CROSSVILLE","1","100.0000","88101","PM2.5 - Local Conditions","209","Met One BAM-1022 Mass Monitor w/ VSCC or TE-PM2.5C","22840","Fort Payne, AL","01","Alabama","049","DeKalb","34.2885670008786","-85.969858"
"08/19/2023","AQS","010491003","3","8.7","ug/m3 LC","48","CROSSVILLE","1","100.0000","88101","PM2.5 - Local Conditions","209","Met One BAM-1022 Mass Monitor w/ VSCC or TE-PM2.5C","22840","Fort Payne, AL","01","Alabama","049","DeKalb","34.2885670008786","-85.969858"
"08/20/2023","AQS","010491003","3","11.9","ug/m3 LC","56","CROSSVILLE","1","100.0000","88101","PM2.5 - Local Conditions","209","Met One BAM-1022 Mass Monitor w/ VSCC or TE-PM2.5C","22840","Fort Payne, AL","01","Alabama","049","DeKalb","34.2885670008786","-85.969858"
"08/21/2023","AQS","010491003","3","13","ug/m3 LC","58","CROSSVILLE","1","100.0000","88101","PM2.5 - Local Conditions","209","Met One BAM-1022 Mass Monitor w/ VSCC or TE-PM2.5C","22840","Fort Payne, AL","01","Alabama","049","DeKalb","34.2885670008786","-85.969858"
"08/22/2023","AQS","010491003","3","13.8","ug/m3 LC","60","CROSSVILLE","1","100.0000","88101","PM2.5 - Local Conditions","209","Met One BAM-1022 Mass Monitor w/ VSCC or TE-PM2.5C","22840","Fort Payne, AL","01","Alabama","049","DeKalb","34.2885670008786","-85.969858"
"08/23/2023","AQS","010491003","3","16.7","ug/m3 LC","65","CROSSVILLE","1","100.0000","88101","PM2.5 - Local Conditions","209","Met One BAM-1022 Mass Monitor w/ VSCC or TE-PM2.5C","22840","Fort Payne, AL","01","Alabama","049","DeKalb","34.2885670008786","-85.969858"
"08/24/2023","AQS","010491003","3","18.5","ug/m3 LC","69","CROSSVILLE","1","100.0000","88101","PM2.5 - Local Conditions","209","Met One BAM-1022 Mass Monitor w/ VSCC or TE-PM2.5C","22840","Fort Payne, AL","01","Alabama","049","DeKalb","34.2885670008786","-85.969858"
"08/25/2023","AQS","010491003","3","18.9","ug/m3 LC","69","CROSSVILLE","1","100.0000","88101","PM2.5 - Local Conditions","209","Met One BAM-1022 Mass Monitor w/ VSCC or TE-PM2.5C","22840","Fort Payne, AL","01","Alabama","049","DeKalb","34.2885670008786","-85.969858"
"08/26/2023","AQS","010491003","3","13.4","ug/m3 LC","59","CROSSVILLE","1","100.0000","88101","PM2.5 - Local Conditions","209","Met One BAM-1022 Mass Monitor w/ VSCC or TE-PM2.5C","22840","Fort Payne, AL","01","Alabama","049","DeKalb","34.2885670008786","-85.969858"
"08/27/2023","AQS","010491003","3","7.2","ug/m3 LC","40","CROSSVILLE","1","100.0000","88101","PM2.5 - Local Conditions","209","Met One BAM-1022 Mass Monitor w/ VSCC or TE-PM2.5C","22840","Fort Payne, AL","01","Alabama","049","DeKalb","34.2885670008786","-85.969858"
"08/28/2023","AQS","010491003","3","9.1","ug/m3 LC","51","CROSSVILLE","1","100.0000","88101","PM2.5 - Local Conditions","209","Met One BAM-1022 Mass Monitor w/ VSCC or TE-PM2.5C","22840","Fort Payne, AL","01","Alabama","049","DeKalb","34.2885670008786","-85.969858"
"08/29/2023","AQS","010491003","3","7.5","ug/m3 LC","42","CROSSVILLE","1","100.0000","88101","PM2.5 - Local Conditions","209","Met One BAM-1022 Mass Monitor w/ VSCC or TE-PM2.5C","22840","Fort Payne, AL","01","Alabama","049","DeKalb","34.2885670008786","-85.969858"
"08/30/2023","AQS","010491003","3","8.3","ug/m3 LC","46","CROSSVILLE","1","100.0000","88101","PM2.5 - Local Conditions","209","Met One BAM-1022 Mass Monitor w/ VSCC or TE-PM2.5C","22840","Fort Payne, AL","01","Alabama","049","DeKalb","34.2885670008786","-85.969858"
"08/31/2023","AQS","010491003","3","8.8","ug/m3 LC","49","CROSSVILLE","1","100.0000","88101","PM2.5 - Local Conditions","209","Met One BAM-1022 Mass Monitor w/ VSCC or TE-PM2.5C","22840","Fort Payne, AL","01","Alabama","049","DeKalb","34.2885670008786","-85.969858"
"09/01/2023","AQS","010491003","3","11.6","ug/m3 LC","56","CROSSVILLE","1","100.0000","88101","PM2.5 - Local Conditions","209","Met One BAM-1022 Mass Monitor w/ VSCC or TE-PM2.5C","22840","Fort Payne, AL","01","Alabama","049","DeKalb","34.2885670008786","-85.969858"
"09/02/2023","AQS","010491003","3","8.5","ug/m3 LC","47","CROSSVILLE","1","100.0000","88101","PM2.5 - Local Conditions","209","Met One BAM-1022 Mass Monitor w/ VSCC or TE-PM2.5C","22840","Fort Payne, AL","01","Alabama","049","DeKalb","34.2885670008786","-85.969858"
"09/03/2023","AQS","010491003","3","9.4","ug/m3 LC","52","CROSSVILLE","1","100.0000","88101","PM2.5 - Local Conditions","209","Met One BAM-1022 Mass Monitor w/ VSCC or TE-PM2.5C","22840","Fort Payne, AL","01","Alabama","049","DeKalb","34.2885670008786","-85.969858"
"09/04/2023","AQS","010491003","3","8.6","ug/m3 LC","48","CROSSVILLE","1","100.0000","88101","PM2.5 - Local Conditions","209","Met One BAM-1022 Mass Monitor w/ VSCC or TE-PM2.5C","22840","Fort Payne, AL","01","Alabama","049","DeKalb","34.2885670008786","-85.969858"
"09/05/2023","AQS","010491003","3","8.5","ug/m3 LC","47","CROSSVILLE","1","100.0000","88101","PM2.5 - Local Conditions","209","Met One BAM-1022 Mass Monitor w/ VSCC or TE-PM2.5C","22840","Fort Payne, AL","01","Alabama","049","DeKalb","34.2885670008786","-85.969858"
"09/06/2023","AQS","010491003","3","10.1","ug/m3 LC","53","CROSSVILLE","1","100.0000","88101","PM2.5 - Local Conditions","209","Met One BAM-1022 Mass Monitor w/ VSCC or TE-PM2.5C","22840","Fort Payne, AL","01","Alabama","049","DeKalb","34.2885670008786","-85.969858"
"09/07/2023","AQS","010491003","3","8.5","ug/m3 LC","47","CROSSVILLE","1","100.0000","88101","PM2.5 - Local Conditions","209","Met One BAM-1022 Mass Monitor w/ VSCC or TE-PM2.5C","22840","Fort Payne, AL","01","Alabama","049","DeKalb","34.2885670008786","-85.969858"
"09/08/2023","AQS","010491003","3","11.7","ug/m3 LC","56","CROSSVILLE","1","100.0000","88101","PM2.5 - Local Conditions","209","Met One BAM-1022 Mass Monitor w/ VSCC or TE-PM2.5C","22840","Fort Payne, AL","01","Alabama","049","DeKalb","34.2885670008786","-85.969858"
"09/09/2023","AQS","010491003","3","11.1","ug/m3 LC","55","CROSSVILLE","1","100.0000","88101","PM2.5 - Local Conditions","209","Met One BAM-1022 Mass Monitor w/ VSCC or TE-PM2.5C","22840","Fort Payne, AL","01","Alabama","049","DeKalb","34.2885670008786","-85.969858"
"09/10/2023","AQS","010491003","3","8.3","ug/m3 LC","46","CROSSVILLE","1","100.0000","88101","PM2.5 - Local Conditions","209","Met One BAM-1022 Mass Monitor w/ VSCC or TE-PM2.5C","22840","Fort Payne, AL","01","Alabama","049","DeKalb","34.2885670008786","-85.969858"
"09/11/2023","AQS","010491003","3","10.3","ug/m3 LC","53","CROSSVILLE","1","100.0000","88101","PM2.5 - Local Conditions","209","Met One BAM-1022 Mass Monitor w/ VSCC or TE-PM2.5C","22840","Fort Payne, AL","01","Alabama","049","DeKalb","34.2885670008786","-85.969858"
"09/12/2023","AQS","010491003","3","10.4","ug/m3 LC","53","CROSSVILLE","1","100.0000","88101","PM2.5 - Local Conditions","209","Met One BAM-1022 Mass Monitor w/ VSCC or TE-PM2.5C","22840","Fort Payne, AL","01","Alabama","049","DeKalb","34.2885670008786","-85.969858"
"09/13/2023","AQS","010491003","3","7.6","ug/m3 LC","42","CROSSVILLE","1","100.0000","88101","PM2.5 - Local Conditions","209","Met One BAM-1022 Mass Monitor w/ VSCC or TE-PM2.5C","22840","Fort Payne, AL","01","Alabama","049","DeKalb","34.2885670008786","-85.969858"
"09/14/2023","AQS","010491003","3","6.8","ug/m3 LC","38","CROSSVILLE","1","100.0000","88101","PM2.5 - Local Conditions","209","Met One BAM-1022 Mass Monitor w/ VSCC or TE-PM2.5C","22840","Fort Payne, AL","01","Alabama","049","DeKalb","34.2885670008786","-85.969858"
"09/15/2023","AQS","010491003","3","8.9","ug/m3 LC","49","CROSSVILLE","1","100.0000","88101","PM2.5 - Local Conditions","209","Met One BAM-1022 Mass Monitor w/ VSCC or TE-PM2.5C","22840","Fort Payne, AL","01","Alabama","049","DeKalb","34.2885670008786","-85.969858"
"09/16/2023","AQS","010491003","3","7.7","ug/m3 LC","43","CROSSVILLE","1","100.0000","88101","PM2.5 - Local Conditions","209","Met One BAM-1022 Mass Monitor w/ VSCC or TE-PM2.5C","22840","Fort Payne, AL","01","Alabama","049","DeKalb","34.2885670008786","-85.969858"
"09/17/2023","AQS","010491003","3","9","ug/m3 LC","50","CROSSVILLE","1","100.0000","88101","PM2.5 - Local Conditions","209","Met One BAM-1022 Mass Monitor w/ VSCC or TE-PM2.5C","22840","Fort Payne, AL","01","Alabama","049","DeKalb","34.2885670008786","-85.969858"
"09/18/2023","AQS","010491003","3","6.4","ug/m3 LC","36","CROSSVILLE","1","100.0000","88101","PM2.5 - Local Conditions","209","Met One BAM-1022 Mass Monitor w/ VSCC or TE-PM2.5C","22840","Fort Payne, AL","01","Alabama","049","DeKalb","34.2885670008786","-85.969858"
"09/19/2023","AQS","010491003","3","5.8","ug/m3 LC","32","CROSSVILLE","1","100.0000","88101","PM2.5 - Local Conditions","209","Met One BAM-1022 Mass Monitor w/ VSCC or TE-PM2.5C","22840","Fort Payne, AL","01","Alabama","049","DeKalb","34.2885670008786","-85.969858"
"09/20/2023","AQS","010491003","3","11.7","ug/m3 LC","56","CROSSVILLE","1","100.0000","88101","PM2.5 - Local Conditions","209","Met One BAM-1022 Mass Monitor w/ VSCC or TE-PM2.5C","22840","Fort Payne, AL","01","Alabama","049","DeKalb","34.2885670008786","-85.969858"
"09/21/2023","AQS","010491003","3","11.1","ug/m3 LC","55","CROSSVILLE","1","100.0000","88101","PM2.5 - Local Conditions","209","Met One BAM-1022 Mass Monitor w/ VSCC or TE-PM2.5C","22840","Fort Payne, AL","01","Alabama","049","DeKalb","34.2885670008786","-85.969858"
"09/22/2023","AQS","010491003","3","10.9","ug/m3 LC","54","CROSSVILLE","1","100.0000","88101","PM2.5 - Local Conditions","209","Met One BAM-1022 Mass Monitor w/ VSCC or TE-PM2.5C","22840","Fort Payne, AL","01","Alabama","049","DeKalb","34.2885670008786","-85.969858"
"09/23/2023","AQS","010491003","3","8.3","ug/m3 LC","46","CROSSVILLE","1","100.0000","88101","PM2.5 - Local Conditions","209","Met One BAM-1022 Mass Monitor w/ VSCC or TE-PM2.5C","22840","Fort Payne, AL","01","Alabama","049","DeKalb","34.2885670008786","-85.969858"
"09/24/2023","AQS","010491003","3","6.4","ug/m3 LC","36","CROSSVILLE","1","100.0000","88101","PM2.5 - Local Conditions","209","Met One BAM-1022 Mass Monitor w/ VSCC or TE-PM2.5C","22840","Fort Payne, AL","01","Alabama","049","DeKalb","34.2885670008786","-85.969858"
"09/25/2023","AQS","010491003","3","5.7","ug/m3 LC","32","CROSSVILLE","1","100.0000","88101","PM2.5 - Local Conditions","209","Met One BAM-1022 Mass Monitor w/ VSCC or TE-PM2.5C","22840","Fort Payne, AL","01","Alabama","049","DeKalb","34.2885670008786","-85.969858"
"09/26/2023","AQS","010491003","3","6.9","ug/m3 LC","38","CROSSVILLE","1","100.0000","88101","PM2.5 - Local Conditions","209","Met One BAM-1022 Mass Monitor w/ VSCC or TE-PM2.5C","22840","Fort Payne, AL","01","Alabama","049","DeKalb","34.2885670008786","-85.969858"
"09/27/2023","AQS","010491003","3","12.7","ug/m3 LC","58","CROSSVILLE","1","100.0000","88101","PM2.5 - Local Conditions","209","Met One BAM-1022 Mass Monitor w/ VSCC or TE-PM2.5C","22840","Fort Payne, AL","01","Alabama","049","DeKalb","34.2885670008786","-85.969858"
"09/28/2023","AQS","010491003","3","6.4","ug/m3 LC","36","CROSSVILLE","1","100.0000","88101","PM2.5 - Local Conditions","209","Met One BAM-1022 Mass Monitor w/ VSCC or TE-PM2.5C","22840","Fort Payne, AL","01","Alabama","049","DeKalb","34.2885670008786","-85.969858"
"09/29/2023","AQS","010491003","3","6.8","ug/m3 LC","38","CROSSVILLE","1","100.0000","88101","PM2.5 - Local Conditions","209","Met One BAM-1022 Mass Monitor w/ VSCC or TE-PM2.5C","22840","Fort Payne, AL","01","Alabama","049","DeKalb","34.2885670008786","-85.969858"
"09/30/2023","AQS","010491003","3","7.2","ug/m3 LC","40","CROSSVILLE","1","100.0000","88101","PM2.5 - Local Conditions","209","Met One BAM-1022 Mass Monitor w/ VSCC or TE-PM2.5C","22840","Fort Payne, AL","01","Alabama","049","DeKalb","34.2885670008786","-85.969858"
"10/01/2023","AQS","010491003","3","8.8","ug/m3 LC","49","CROSSVILLE","1","100.0000","88101","PM2.5 - Local Conditions","209","Met One BAM-1022 Mass Monitor w/ VSCC or TE-PM2.5C","22840","Fort Payne, AL","01","Alabama","049","DeKalb","34.2885670008786","-85.969858"
"10/02/2023","AQS","010491003","3","7.2","ug/m3 LC","40","CROSSVILLE","1","100.0000","88101","PM2.5 - Local Conditions","209","Met One BAM-1022 Mass Monitor w/ VSCC or TE-PM2.5C","22840","Fort Payne, AL","01","Alabama","049","DeKalb","34.2885670008786","-85.969858"
"10/03/2023","AQS","010491003","3","7.2","ug/m3 LC","40","CROSSVILLE","1","100.0000","88101","PM2.5 - Local Conditions","209","Met One BAM-1022 Mass Monitor w/ VSCC or TE-PM2.5C","22840","Fort Payne, AL","01","Alabama","049","DeKalb","34.2885670008786","-85.969858"
"10/04/2023","AQS","010491003","3","14.3","ug/m3 LC","61","CROSSVILLE","1","100.0000","88101","PM2.5 - Local Conditions","209","Met One BAM-1022 Mass Monitor w/ VSCC or TE-PM2.5C","22840","Fort Payne, AL","01","Alabama","049","DeKalb","34.2885670008786","-85.969858"
"10/05/2023","AQS","010491003","3","13.8","ug/m3 LC","60","CROSSVILLE","1","100.0000","88101","PM2.5 - Local Conditions","209","Met One BAM-1022 Mass Monitor w/ VSCC or TE-PM2.5C","22840","Fort Payne, AL","01","Alabama","049","DeKalb","34.2885670008786","-85.969858"
"10/06/2023","AQS","010491003","3","10.7","ug/m3 LC","54","CROSSVILLE","1","100.0000","88101","PM2.5 - Local Conditions","209","Met One BAM-1022 Mass Monitor w/ VSCC or TE-PM2.5C","22840","Fort Payne, AL","01","Alabama","049","DeKalb","34.2885670008786","-85.969858"
"10/07/2023","AQS","010491003","3","1.8","ug/m3 LC","10","CROSSVILLE","1","100.0000","88101","PM2.5 - Local Conditions","209","Met One BAM-1022 Mass Monitor w/ VSCC or TE-PM2.5C","22840","Fort Payne, AL","01","Alabama","049","DeKalb","34.2885670008786","-85.969858"
"10/08/2023","AQS","010491003","3","1.1","ug/m3 LC","6","CROSSVILLE","1","100.0000","88101","PM2.5 - Local Conditions","209","Met One BAM-1022 Mass Monitor w/ VSCC or TE-PM2.5C","22840","Fort Payne, AL","01","Alabama","049","DeKalb","34.2885670008786","-85.969858"
"10/09/2023","AQS","010491003","3","4.4","ug/m3 LC","24","CROSSVILLE","1","100.0000","88101","PM2.5 - Local Conditions","209","Met One BAM-1022 Mass Monitor w/ VSCC or TE-PM2.5C","22840","Fort Payne, AL","01","Alabama","049","DeKalb","34.2885670008786","-85.969858"
"10/10/2023","AQS","010491003","3","8.2","ug/m3 LC","46","CROSSVILLE","1","100.0000","88101","PM2.5 - Local Conditions","209","Met One BAM-1022 Mass Monitor w/ VSCC or TE-PM2.5C","22840","Fort Payne, AL","01","Alabama","049","DeKalb","34.2885670008786","-85.969858"
"10/11/2023","AQS","010491003","3","12.6","ug/m3 LC","58","CROSSVILLE","1","100.0000","88101","PM2.5 - Local Conditions","209","Met One BAM-1022 Mass Monitor w/ VSCC or TE-PM2.5C","22840","Fort Payne, AL","01","Alabama","049","DeKalb","34.2885670008786","-85.969858"
"10/12/2023","AQS","010491003","3","4.4","ug/m3 LC","24","CROSSVILLE","1","100.0000","88101","PM2.5 - Local Conditions","209","Met One BAM-1022 Mass Monitor w/ VSCC or TE-PM2.5C","22840","Fort Payne, AL","01","Alabama","049","DeKalb","34.2885670008786","-85.969858"
"10/13/2023","AirNow","010491003","3","3.2","ug/m3 LC","18","CROSSVILLE","1","100.0000","88101","PM2.5 - Local Conditions","","","22840","Fort Payne, AL","01","Alabama","049","DeKalb","34.2885670008786","-85.969858"
"10/14/2023","AirNow","010491003","3","0.4","ug/m3 LC","2","CROSSVILLE","1","100.0000","88101","PM2.5 - Local Conditions","","","22840","Fort Payne, AL","01","Alabama","049","DeKalb","34.2885670008786","-85.969858"
"10/15/2023","AirNow","010491003","3","-0.2","ug/m3 LC","0","CROSSVILLE","1","100.0000","88101","PM2.5 - Local Conditions","","","22840","Fort Payne, AL","01","Alabama","049","DeKalb","34.2885670008786","-85.969858"
"10/16/2023","AirNow","010491003","3","0.1","ug/m3 LC","1","CROSSVILLE","1","100.0000","88101","PM2.5 - Local Conditions","","","22840","Fort Payne, AL","01","Alabama","049","DeKalb","34.2885670008786","-85.969858"
"10/17/2023","AQS","010491003","3","1","ug/m3 LC","6","CROSSVILLE","1","100.0000","88101","PM2.5 - Local Conditions","209","Met One BAM-1022 Mass Monitor w/ VSCC or TE-PM2.5C","22840","Fort Payne, AL","01","Alabama","049","DeKalb","34.2885670008786","-85.969858"
"10/18/2023","AQS","010491003","3","4.2","ug/m3 LC","23","CROSSVILLE","1","100.0000","88101","PM2.5 - Local Conditions","209","Met One BAM-1022 Mass Monitor w/ VSCC or TE-PM2.5C","22840","Fort Payne, AL","01","Alabama","049","DeKalb","34.2885670008786","-85.969858"
"10/19/2023","AQS","010491003","3","12.5","ug/m3 LC","57","CROSSVILLE","1","100.0000","88101","PM2.5 - Local Conditions","209","Met One BAM-1022 Mass Monitor w/ VSCC or TE-PM2.5C","22840","Fort Payne, AL","01","Alabama","049","DeKalb","34.2885670008786","-85.969858"
"10/20/2023","AQS","010491003","3","7.3","ug/m3 LC","41","CROSSVILLE","1","100.0000","88101","PM2.5 - Local Conditions","209","Met One BAM-1022 Mass Monitor w/ VSCC or TE-PM2.5C","22840","Fort Payne, AL","01","Alabama","049","DeKalb","34.2885670008786","-85.969858"
"10/21/2023","AQS","010491003","3","4.3","ug/m3 LC","24","CROSSVILLE","1","100.0000","88101","PM2.5 - Local Conditions","209","Met One BAM-1022 Mass Monitor w/ VSCC or TE-PM2.5C","22840","Fort Payne, AL","01","Alabama","049","DeKalb","34.2885670008786","-85.969858"
"10/22/2023","AQS","010491003","3","3.8","ug/m3 LC","21","CROSSVILLE","1","100.0000","88101","PM2.5 - Local Conditions","209","Met One BAM-1022 Mass Monitor w/ VSCC or TE-PM2.5C","22840","Fort Payne, AL","01","Alabama","049","DeKalb","34.2885670008786","-85.969858"
"10/23/2023","AQS","010491003","3","5.5","ug/m3 LC","31","CROSSVILLE","1","100.0000","88101","PM2.5 - Local Conditions","209","Met One BAM-1022 Mass Monitor w/ VSCC or TE-PM2.5C","22840","Fort Payne, AL","01","Alabama","049","DeKalb","34.2885670008786","-85.969858"
"10/24/2023","AQS","010491003","3","7.4","ug/m3 LC","41","CROSSVILLE","1","100.0000","88101","PM2.5 - Local Conditions","209","Met One BAM-1022 Mass Monitor w/ VSCC or TE-PM2.5C","22840","Fort Payne, AL","01","Alabama","049","DeKalb","34.2885670008786","-85.969858"
"10/25/2023","AQS","010491003","3","10.4","ug/m3 LC","53","CROSSVILLE","1","100.0000","88101","PM2.5 - Local Conditions","209","Met One BAM-1022 Mass Monitor w/ VSCC or TE-PM2.5C","22840","Fort Payne, AL","01","Alabama","049","DeKalb","34.2885670008786","-85.969858"
"10/26/2023","AQS","010491003","3","6.1","ug/m3 LC","34","CROSSVILLE","1","100.0000","88101","PM2.5 - Local Conditions","209","Met One BAM-1022 Mass Monitor w/ VSCC or TE-PM2.5C","22840","Fort Payne, AL","01","Alabama","049","DeKalb","34.2885670008786","-85.969858"
"10/27/2023","AQS","010491003","3","6.6","ug/m3 LC","37","CROSSVILLE","1","100.0000","88101","PM2.5 - Local Conditions","209","Met One BAM-1022 Mass Monitor w/ VSCC or TE-PM2.5C","22840","Fort Payne, AL","01","Alabama","049","DeKalb","34.2885670008786","-85.969858"
"10/28/2023","AQS","010491003","3","7.4","ug/m3 LC","41","CROSSVILLE","1","100.0000","88101","PM2.5 - Local Conditions","209","Met One BAM-1022 Mass Monitor w/ VSCC or TE-PM2.5C","22840","Fort Payne, AL","01","Alabama","049","DeKalb","34.2885670008786","-85.969858"
"10/29/2023","AQS","010491003","3","7.5","ug/m3 LC","42","CROSSVILLE","1","100.0000","88101","PM2.5 - Local Conditions","209","Met One BAM-1022 Mass Monitor w/ VSCC or TE-PM2.5C","22840","Fort Payne, AL","01","Alabama","049","DeKalb","34.2885670008786","-85.969858"
"10/30/2023","AQS","010491003","3","3.2","ug/m3 LC","18","CROSSVILLE","1","100.0000","88101","PM2.5 - Local Conditions","209","Met One BAM-1022 Mass Monitor w/ VSCC or TE-PM2.5C","22840","Fort Payne, AL","01","Alabama","049","DeKalb","34.2885670008786","-85.969858"
"10/31/2023","AQS","010491003","3","1.5","ug/m3 LC","8","CROSSVILLE","1","100.0000","88101","PM2.5 - Local Conditions","209","Met One BAM-1022 Mass Monitor w/ VSCC or TE-PM2.5C","22840","Fort Payne, AL","01","Alabama","049","DeKalb","34.2885670008786","-85.969858"
"11/01/2023","AQS","010491003","3","1.6","ug/m3 LC","9","CROSSVILLE","1","100.0000","88101","PM2.5 - Local Conditions","209","Met One BAM-1022 Mass Monitor w/ VSCC or TE-PM2.5C","22840","Fort Payne, AL","01","Alabama","049","DeKalb","34.2885670008786","-85.969858"
"11/02/2023","AQS","010491003","3","4.7","ug/m3 LC","26","CROSSVILLE","1","100.0000","88101","PM2.5 - Local Conditions","209","Met One BAM-1022 Mass Monitor w/ VSCC or TE-PM2.5C","22840","Fort Payne, AL","01","Alabama","049","DeKalb","34.2885670008786","-85.969858"
"11/03/2023","AQS","010491003","3","5.3","ug/m3 LC","29","CROSSVILLE","1","100.0000","88101","PM2.5 - Local Conditions","209","Met One BAM-1022 Mass Monitor w/ VSCC or TE-PM2.5C","22840","Fort Payne, AL","01","Alabama","049","DeKalb","34.2885670008786","-85.969858"
"11/04/2023","AQS","010491003","3","14.5","ug/m3 LC","61","CROSSVILLE","1","100.0000","88101","PM2.5 - Local Conditions","209","Met One BAM-1022 Mass Monitor w/ VSCC or TE-PM2.5C","22840","Fort Payne, AL","01","Alabama","049","DeKalb","34.2885670008786","-85.969858"
"11/05/2023","AQS","010491003","3","8.4","ug/m3 LC","47","CROSSVILLE","1","100.0000","88101","PM2.5 - Local Conditions","209","Met One BAM-1022 Mass Monitor w/ VSCC or TE-PM2.5C","22840","Fort Payne, AL","01","Alabama","049","DeKalb","34.2885670008786","-85.969858"
"11/06/2023","AQS","010491003","3","7.9","ug/m3 LC","44","CROSSVILLE","1","100.0000","88101","PM2.5 - Local Conditions","209","Met One BAM-1022 Mass Monitor w/ VSCC or TE-PM2.5C","22840","Fort Payne, AL","01","Alabama","049","DeKalb","34.2885670008786","-85.969858"
"11/07/2023","AQS","010491003","3","11","ug/m3 LC","55","CROSSVILLE","1","100.0000","88101","PM2.5 - Local Conditions","209","Met One BAM-1022 Mass Monitor w/ VSCC or TE-PM2.5C","22840","Fort Payne, AL","01","Alabama","049","DeKalb","34.2885670008786","-85.969858"
"11/08/2023","AQS","010491003","3","8.6","ug/m3 LC","48","CROSSVILLE","1","100.0000","88101","PM2.5 - Local Conditions","209","Met One BAM-1022 Mass Monitor w/ VSCC or TE-PM2.5C","22840","Fort Payne, AL","01","Alabama","049","DeKalb","34.2885670008786","-85.969858"
"11/09/2023","AQS","010491003","3","10.7","ug/m3 LC","54","CROSSVILLE","1","100.0000","88101","PM2.5 - Local Conditions","209","Met One BAM-1022 Mass Monitor w/ VSCC or TE-PM2.5C","22840","Fort Payne, AL","01","Alabama","049","DeKalb","34.2885670008786","-85.969858"
"11/10/2023","AQS","010491003","3","7.6","ug/m3 LC","42","CROSSVILLE","1","100.0000","88101","PM2.5 - Local Conditions","209","Met One BAM-1022 Mass Monitor w/ VSCC or TE-PM2.5C","22840","Fort Payne, AL","01","Alabama","049","DeKalb","34.2885670008786","-85.969858"
"11/11/2023","AQS","010491003","3","2.3","ug/m3 LC","13","CROSSVILLE","1","100.0000","88101","PM2.5 - Local Conditions","209","Met One BAM-1022 Mass Monitor w/ VSCC or TE-PM2.5C","22840","Fort Payne, AL","01","Alabama","049","DeKalb","34.2885670008786","-85.969858"
"11/12/2023","AQS","010491003","3","4.7","ug/m3 LC","26","CROSSVILLE","1","100.0000","88101","PM2.5 - Local Conditions","209","Met One BAM-1022 Mass Monitor w/ VSCC or TE-PM2.5C","22840","Fort Payne, AL","01","Alabama","049","DeKalb","34.2885670008786","-85.969858"
"11/13/2023","AQS","010491003","3","5.1","ug/m3 LC","28","CROSSVILLE","1","100.0000","88101","PM2.5 - Local Conditions","209","Met One BAM-1022 Mass Monitor w/ VSCC or TE-PM2.5C","22840","Fort Payne, AL","01","Alabama","049","DeKalb","34.2885670008786","-85.969858"
"11/14/2023","AQS","010491003","3","5.9","ug/m3 LC","33","CROSSVILLE","1","100.0000","88101","PM2.5 - Local Conditions","209","Met One BAM-1022 Mass Monitor w/ VSCC or TE-PM2.5C","22840","Fort Payne, AL","01","Alabama","049","DeKalb","34.2885670008786","-85.969858"
"11/15/2023","AQS","010491003","3","5.5","ug/m3 LC","31","CROSSVILLE","1","100.0000","88101","PM2.5 - Local Conditions","209","Met One BAM-1022 Mass Monitor w/ VSCC or TE-PM2.5C","22840","Fort Payne, AL","01","Alabama","049","DeKalb","34.2885670008786","-85.969858"
"11/16/2023","AQS","010491003","3","4.9","ug/m3 LC","27","CROSSVILLE","1","100.0000","88101","PM2.5 - Local Conditions","209","Met One BAM-1022 Mass Monitor w/ VSCC or TE-PM2.5C","22840","Fort Payne, AL","01","Alabama","049","DeKalb","34.2885670008786","-85.969858"
"11/17/2023","AQS","010491003","3","7.2","ug/m3 LC","40","CROSSVILLE","1","100.0000","88101","PM2.5 - Local Conditions","209","Met One BAM-1022 Mass Monitor w/ VSCC or TE-PM2.5C","22840","Fort Payne, AL","01","Alabama","049","DeKalb","34.2885670008786","-85.969858"
"11/18/2023","AQS","010491003","3","3.9","ug/m3 LC","22","CROSSVILLE","1","100.0000","88101","PM2.5 - Local Conditions","209","Met One BAM-1022 Mass Monitor w/ VSCC or TE-PM2.5C","22840","Fort Payne, AL","01","Alabama","049","DeKalb","34.2885670008786","-85.969858"
"11/19/2023","AQS","010491003","3","5.2","ug/m3 LC","29","CROSSVILLE","1","100.0000","88101","PM2.5 - Local Conditions","209","Met One BAM-1022 Mass Monitor w/ VSCC or TE-PM2.5C","22840","Fort Payne, AL","01","Alabama","049","DeKalb","34.2885670008786","-85.969858"
"11/20/2023","AQS","010491003","3","9.1","ug/m3 LC","51","CROSSVILLE","1","100.0000","88101","PM2.5 - Local Conditions","209","Met One BAM-1022 Mass Monitor w/ VSCC or TE-PM2.5C","22840","Fort Payne, AL","01","Alabama","049","DeKalb","34.2885670008786","-85.969858"
"11/21/2023","AQS","010491003","3","4.5","ug/m3 LC","25","CROSSVILLE","1","100.0000","88101","PM2.5 - Local Conditions","209","Met One BAM-1022 Mass Monitor w/ VSCC or TE-PM2.5C","22840","Fort Payne, AL","01","Alabama","049","DeKalb","34.2885670008786","-85.969858"
"11/22/2023","AQS","010491003","3","1.9","ug/m3 LC","11","CROSSVILLE","1","100.0000","88101","PM2.5 - Local Conditions","209","Met One BAM-1022 Mass Monitor w/ VSCC or TE-PM2.5C","22840","Fort Payne, AL","01","Alabama","049","DeKalb","34.2885670008786","-85.969858"
"11/23/2023","AQS","010491003","3","5.4","ug/m3 LC","30","CROSSVILLE","1","100.0000","88101","PM2.5 - Local Conditions","209","Met One BAM-1022 Mass Monitor w/ VSCC or TE-PM2.5C","22840","Fort Payne, AL","01","Alabama","049","DeKalb","34.2885670008786","-85.969858"
"11/24/2023","AQS","010491003","3","6.8","ug/m3 LC","38","CROSSVILLE","1","100.0000","88101","PM2.5 - Local Conditions","209","Met One BAM-1022 Mass Monitor w/ VSCC or TE-PM2.5C","22840","Fort Payne, AL","01","Alabama","049","DeKalb","34.2885670008786","-85.969858"
"11/25/2023","AQS","010491003","3","8.2","ug/m3 LC","46","CROSSVILLE","1","100.0000","88101","PM2.5 - Local Conditions","209","Met One BAM-1022 Mass Monitor w/ VSCC or TE-PM2.5C","22840","Fort Payne, AL","01","Alabama","049","DeKalb","34.2885670008786","-85.969858"
"11/26/2023","AQS","010491003","3","8.8","ug/m3 LC","49","CROSSVILLE","1","100.0000","88101","PM2.5 - Local Conditions","209","Met One BAM-1022 Mass Monitor w/ VSCC or TE-PM2.5C","22840","Fort Payne, AL","01","Alabama","049","DeKalb","34.2885670008786","-85.969858"
"11/27/2023","AQS","010491003","3","4.2","ug/m3 LC","23","CROSSVILLE","1","100.0000","88101","PM2.5 - Local Conditions","209","Met One BAM-1022 Mass Monitor w/ VSCC or TE-PM2.5C","22840","Fort Payne, AL","01","Alabama","049","DeKalb","34.2885670008786","-85.969858"
"11/28/2023","AQS","010491003","3","4.4","ug/m3 LC","24","CROSSVILLE","1","100.0000","88101","PM2.5 - Local Conditions","209","Met One BAM-1022 Mass Monitor w/ VSCC or TE-PM2.5C","22840","Fort Payne, AL","01","Alabama","049","DeKalb","34.2885670008786","-85.969858"
"11/29/2023","AQS","010491003","3","4.4","ug/m3 LC","24","CROSSVILLE","1","100.0000","88101","PM2.5 - Local Conditions","209","Met One BAM-1022 Mass Monitor w/ VSCC or TE-PM2.5C","22840","Fort Payne, AL","01","Alabama","049","DeKalb","34.2885670008786","-85.969858"
"11/30/2023","AQS","010491003","3","5.7","ug/m3 LC","32","CROSSVILLE","1","100.0000","88101","PM2.5 - Local Conditions","209","Met One BAM-1022 Mass Monitor w/ VSCC or TE-PM2.5C","22840","Fort Payne, AL","01","Alabama","049","DeKalb","34.2885670008786","-85.969858"
"12/01/2023","AQS","010491003","3","10.6","ug/m3 LC","54","CROSSVILLE","1","100.0000","88101","PM2.5 - Local Conditions","209","Met One BAM-1022 Mass Monitor w/ VSCC or TE-PM2.5C","22840","Fort Payne, AL","01","Alabama","049","DeKalb","34.2885670008786","-85.969858"
"12/02/2023","AQS","010491003","3","4.4","ug/m3 LC","24","CROSSVILLE","1","100.0000","88101","PM2.5 - Local Conditions","209","Met One BAM-1022 Mass Monitor w/ VSCC or TE-PM2.5C","22840","Fort Payne, AL","01","Alabama","049","DeKalb","34.2885670008786","-85.969858"
"12/03/2023","AQS","010491003","3","3.5","ug/m3 LC","19","CROSSVILLE","1","100.0000","88101","PM2.5 - Local Conditions","209","Met One BAM-1022 Mass Monitor w/ VSCC or TE-PM2.5C","22840","Fort Payne, AL","01","Alabama","049","DeKalb","34.2885670008786","-85.969858"
"12/04/2023","AQS","010491003","3","4.6","ug/m3 LC","26","CROSSVILLE","1","100.0000","88101","PM2.5 - Local Conditions","209","Met One BAM-1022 Mass Monitor w/ VSCC or TE-PM2.5C","22840","Fort Payne, AL","01","Alabama","049","DeKalb","34.2885670008786","-85.969858"
"12/05/2023","AQS","010491003","3","5","ug/m3 LC","28","CROSSVILLE","1","100.0000","88101","PM2.5 - Local Conditions","209","Met One BAM-1022 Mass Monitor w/ VSCC or TE-PM2.5C","22840","Fort Payne, AL","01","Alabama","049","DeKalb","34.2885670008786","-85.969858"
"12/06/2023","AQS","010491003","3","2.2","ug/m3 LC","12","CROSSVILLE","1","100.0000","88101","PM2.5 - Local Conditions","209","Met One BAM-1022 Mass Monitor w/ VSCC or TE-PM2.5C","22840","Fort Payne, AL","01","Alabama","049","DeKalb","34.2885670008786","-85.969858"
"12/07/2023","AQS","010491003","3","22.2","ug/m3 LC","75","CROSSVILLE","1","100.0000","88101","PM2.5 - Local Conditions","209","Met One BAM-1022 Mass Monitor w/ VSCC or TE-PM2.5C","22840","Fort Payne, AL","01","Alabama","049","DeKalb","34.2885670008786","-85.969858"
"12/08/2023","AQS","010491003","3","26.8","ug/m3 LC","84","CROSSVILLE","1","100.0000","88101","PM2.5 - Local Conditions","209","Met One BAM-1022 Mass Monitor w/ VSCC or TE-PM2.5C","22840","Fort Payne, AL","01","Alabama","049","DeKalb","34.2885670008786","-85.969858"
"12/09/2023","AQS","010491003","3","6.5","ug/m3 LC","36","CROSSVILLE","1","100.0000","88101","PM2.5 - Local Conditions","209","Met One BAM-1022 Mass Monitor w/ VSCC or TE-PM2.5C","22840","Fort Payne, AL","01","Alabama","049","DeKalb","34.2885670008786","-85.969858"
"12/10/2023","AQS","010491003","3","0.8","ug/m3 LC","4","CROSSVILLE","1","100.0000","88101","PM2.5 - Local Conditions","209","Met One BAM-1022 Mass Monitor w/ VSCC or TE-PM2.5C","22840","Fort Payne, AL","01","Alabama","049","DeKalb","34.2885670008786","-85.969858"
"12/11/2023","AQS","010491003","3","1.2","ug/m3 LC","7","CROSSVILLE","1","100.0000","88101","PM2.5 - Local Conditions","209","Met One BAM-1022 Mass Monitor w/ VSCC or TE-PM2.5C","22840","Fort Payne, AL","01","Alabama","049","DeKalb","34.2885670008786","-85.969858"
"12/12/2023","AQS","010491003","3","6","ug/m3 LC","33","CROSSVILLE","1","100.0000","88101","PM2.5 - Local Conditions","209","Met One BAM-1022 Mass Monitor w/ VSCC or TE-PM2.5C","22840","Fort Payne, AL","01","Alabama","049","DeKalb","34.2885670008786","-85.969858"
"12/13/2023","AQS","010491003","3","12.4","ug/m3 LC","57","CROSSVILLE","1","100.0000","88101","PM2.5 - Local Conditions","209","Met One BAM-1022 Mass Monitor w/ VSCC or TE-PM2.5C","22840","Fort Payne, AL","01","Alabama","049","DeKalb","34.2885670008786","-85.969858"
"12/14/2023","AQS","010491003","3","4.1","ug/m3 LC","23","CROSSVILLE","1","100.0000","88101","PM2.5 - Local Conditions","209","Met One BAM-1022 Mass Monitor w/ VSCC or TE-PM2.5C","22840","Fort Payne, AL","01","Alabama","049","DeKalb","34.2885670008786","-85.969858"
"12/15/2023","AQS","010491003","3","4.1","ug/m3 LC","23","CROSSVILLE","1","100.0000","88101","PM2.5 - Local Conditions","209","Met One BAM-1022 Mass Monitor w/ VSCC or TE-PM2.5C","22840","Fort Payne, AL","01","Alabama","049","DeKalb","34.2885670008786","-85.969858"
"12/16/2023","AQS","010491003","3","4.8","ug/m3 LC","27","CROSSVILLE","1","100.0000","88101","PM2.5 - Local Conditions","209","Met One BAM-1022 Mass Monitor w/ VSCC or TE-PM2.5C","22840","Fort Payne, AL","01","Alabama","049","DeKalb","34.2885670008786","-85.969858"
"12/17/2023","AQS","010491003","3","2.3","ug/m3 LC","13","CROSSVILLE","1","100.0000","88101","PM2.5 - Local Conditions","209","Met One BAM-1022 Mass Monitor w/ VSCC or TE-PM2.5C","22840","Fort Payne, AL","01","Alabama","049","DeKalb","34.2885670008786","-85.969858"
"12/18/2023","AQS","010491003","3","1.4","ug/m3 LC","8","CROSSVILLE","1","100.0000","88101","PM2.5 - Local Conditions","209","Met One BAM-1022 Mass Monitor w/ VSCC or TE-PM2.5C","22840","Fort Payne, AL","01","Alabama","049","DeKalb","34.2885670008786","-85.969858"
"12/19/2023","AQS","010491003","3","1.6","ug/m3 LC","9","CROSSVILLE","1","100.0000","88101","PM2.5 - Local Conditions","209","Met One BAM-1022 Mass Monitor w/ VSCC or TE-PM2.5C","22840","Fort Payne, AL","01","Alabama","049","DeKalb","34.2885670008786","-85.969858"
"12/20/2023","AQS","010491003","3","4.2","ug/m3 LC","23","CROSSVILLE","1","100.0000","88101","PM2.5 - Local Conditions","209","Met One BAM-1022 Mass Monitor w/ VSCC or TE-PM2.5C","22840","Fort Payne, AL","01","Alabama","049","DeKalb","34.2885670008786","-85.969858"
"12/21/2023","AQS","010491003","3","8.3","ug/m3 LC","46","CROSSVILLE","1","100.0000","88101","PM2.5 - Local Conditions","209","Met One BAM-1022 Mass Monitor w/ VSCC or TE-PM2.5C","22840","Fort Payne, AL","01","Alabama","049","DeKalb","34.2885670008786","-85.969858"
"12/22/2023","AQS","010491003","3","12.2","ug/m3 LC","57","CROSSVILLE","1","100.0000","88101","PM2.5 - Local Conditions","209","Met One BAM-1022 Mass Monitor w/ VSCC or TE-PM2.5C","22840","Fort Payne, AL","01","Alabama","049","DeKalb","34.2885670008786","-85.969858"
"12/23/2023","AQS","010491003","3","9.8","ug/m3 LC","52","CROSSVILLE","1","100.0000","88101","PM2.5 - Local Conditions","209","Met One BAM-1022 Mass Monitor w/ VSCC or TE-PM2.5C","22840","Fort Payne, AL","01","Alabama","049","DeKalb","34.2885670008786","-85.969858"
"12/24/2023","AQS","010491003","3","6.7","ug/m3 LC","37","CROSSVILLE","1","100.0000","88101","PM2.5 - Local Conditions","209","Met One BAM-1022 Mass Monitor w/ VSCC or TE-PM2.5C","22840","Fort Payne, AL","01","Alabama","049","DeKalb","34.2885670008786","-85.969858"
"12/25/2023","AQS","010491003","3","1.1","ug/m3 LC","6","CROSSVILLE","1","100.0000","88101","PM2.5 - Local Conditions","209","Met One BAM-1022 Mass Monitor w/ VSCC or TE-PM2.5C","22840","Fort Payne, AL","01","Alabama","049","DeKalb","34.2885670008786","-85.969858"
"12/26/2023","AQS","010491003","3","2.4","ug/m3 LC","13","CROSSVILLE","1","100.0000","88101","PM2.5 - Local Conditions","209","Met One BAM-1022 Mass Monitor w/ VSCC or TE-PM2.5C","22840","Fort Payne, AL","01","Alabama","049","DeKalb","34.2885670008786","-85.969858"
"12/27/2023","AQS","010491003","3","3.8","ug/m3 LC","21","CROSSVILLE","1","100.0000","88101","PM2.5 - Local Conditions","209","Met One BAM-1022 Mass Monitor w/ VSCC or TE-PM2.5C","22840","Fort Payne, AL","01","Alabama","049","DeKalb","34.2885670008786","-85.969858"
"12/28/2023","AQS","010491003","3","2.3","ug/m3 LC","13","CROSSVILLE","1","100.0000","88101","PM2.5 - Local Conditions","209","Met One BAM-1022 Mass Monitor w/ VSCC or TE-PM2.5C","22840","Fort Payne, AL","01","Alabama","049","DeKalb","34.2885670008786","-85.969858"
"12/29/2023","AQS","010491003","3","5.2","ug/m3 LC","29","CROSSVILLE","1","100.0000","88101","PM2.5 - Local Conditions","209","Met One BAM-1022 Mass Monitor w/ VSCC or TE-PM2.5C","22840","Fort Payne, AL","01","Alabama","049","DeKalb","34.2885670008786","-85.969858"
"12/30/2023","AQS","010491003","3","3.8","ug/m3 LC","21","CROSSVILLE","1","100.0000","88101","PM2.5 - Local Conditions","209","Met One BAM-1022 Mass Monitor w/ VSCC or TE-PM2.5C","22840","Fort Payne, AL","01","Alabama","049","DeKalb","34.2885670008786","-85.969858"
"12/31/2023","AQS","010491003","3","4.8","ug/m3 LC","27","CROSSVILLE","1","100.0000","88101","PM2.5 - Local Conditions","209","Met One BAM-1022 Mass Monitor w/ VSCC or TE-PM2.5C","22840","Fort Payne, AL","01","Alabama","049","DeKalb","34.2885670008786","-85.969858"
